start,end,word,
1.966,2.326,איזה,
2.406,2.486,הוא,
2.546,2.986,גיבור?,
3.567,4.067,הרודף,
4.087,4.547,אמת.,
5.748,6.108,ציינו,
6.168,6.608,שעלילת,
6.628,7.128,המחזה,
7.168,7.748,מתמקדת,
7.808,8.249,בחקר,
8.269,8.709,הידיעה.,
9.529,10.049,החקירות,
10.089,10.61,שאדיפוס,
10.65,10.85,עורך,
11.03,11.15,הן,
11.19,11.49,עיקר,
11.55,11.83,העלילה,
11.91,12.01,של,
12.03,12.53,הטרגדיה,
12.57,13.251,"שלפנינו,",
13.371,13.871,ושיאה,
14.251,14.371,הוא,
14.391,14.831,ההכרה,
14.911,15.452,באמת.,
16.252,16.632,אדיפוס,
16.752,16.812,הוא,
16.852,17.092,אדם,
17.132,17.312,בעל,
17.352,17.793,הערכה,
17.813,18.133,עצמית,
18.193,18.573,"גבוהה,",
19.053,19.173,והוא,
19.253,19.513,מודה,
19.553,19.953,להיות,
19.993,20.194,בעל,
20.254,20.574,תבונה.,
21.254,21.754,לגבי,
21.854,22.295,אדיפוס,
22.335,22.655,המילה,
22.855,23.316,ידיעה,
23.496,23.596,היא,
23.636,24.056,כפולה.,
24.697,25.137,ידיעה,
25.257,25.397,היא,
25.417,25.818,היכולת,
25.878,26.218,לפתור,
26.298,26.738,"חידות,",
26.999,27.639,שתוצאתה,
27.739,28.26,סמכות,
28.32,28.9,"וכוח,",
29.32,29.521,שהרי,
29.541,29.921,בזכות,
30.001,30.341,פתרון,
30.401,30.722,חידת,
30.742,31.202,הספינקס,
31.242,31.742,"בעבר,",
32.023,32.143,הוא,
32.183,32.303,עלה,
32.403,32.483,על,
32.543,32.743,כס,
32.763,33.324,"השלטון,",
33.764,34.124,ועתה,
34.164,34.264,הוא,
34.325,34.665,מאמין,
34.705,35.225,ביכולתו,
35.265,35.626,להסיר,
35.646,35.746,את,
35.766,36.246,המגפה,
36.346,36.566,מעל,
36.606,36.927,העיר.,
37.787,37.987,אך,
38.048,38.548,משמעותה,
38.688,38.828,של,
38.928,39.128,הידיעה,
39.389,39.469,היא,
39.529,39.689,גם,
39.729,40.109,הכרת,
40.149,40.469,עצמו.,
41.15,41.731,"והנה,",
41.971,42.271,כאשר,
42.291,42.371,הוא,
42.411,42.732,מגלה,
42.752,42.812,את,
42.852,43.232,זהותו,
43.292,43.713,במהלך,
43.753,44.294,"המחזה,",
44.694,45.215,תוצאותיה,
45.315,45.435,של,
45.455,45.936,הידיעה,
46.036,46.636,הפוכות.,
47.177,47.577,וכשם,
47.658,48.098,שהידע,
48.178,48.398,של,
48.418,48.699,האדם,
48.819,48.899,הוא,
48.919,49.219,עיקר,
49.239,49.7,הגנתו,
49.76,50.06,מפני,
50.12,50.521,"אסון,",
50.901,51.041,כמו,
51.102,51.182,גם,
51.222,51.642,הבסיס,
51.682,52.243,לטענתו,
52.283,52.783,"לגדולה,",
53.304,53.705,ידיעת,
53.745,54.145,עצמו,
54.425,54.726,יכולה,
54.786,55.006,להיות,
55.066,55.166,גם,
55.206,55.727,מבהילה,
56.047,56.608,ומשפילה.,
57.974,58.334,ניתן,
58.394,58.754,להסיק,
58.794,58.894,מן,
58.934,59.434,המחזה,
59.454,59.554,כי,
59.594,59.935,מבחן,
59.955,60.455,ההוכחה,
60.515,61.115,ליכולת,
61.155,61.435,לעמוד,
61.475,62.135,בניסיון,
62.475,62.975,ולהפגין,
63.055,63.295,כוח,
63.355,63.776,סבל,
64.176,64.636,מתקיים,
64.816,64.996,רק,
65.036,65.356,כאשר,
65.396,65.636,אדם,
65.696,66.176,מתייצב,
66.216,66.376,מול,
66.416,66.836,האמת,
66.956,67.417,ומקבל,
67.457,67.697,"אותה,",
67.957,68.137,כמו,
68.237,68.797,"אדיפוס,",
69.217,69.377,בלי,
69.417,69.937,להתחשב,
69.977,70.517,בתוצאות,
70.537,71.198,המחרידות.,
72.318,72.838,בסירובו,
72.858,73.378,להתכחש,
73.438,73.878,לאמת,
74.198,74.298,הוא,
74.358,74.638,שומר,
74.658,74.778,על,
74.798,75.359,"יושרתו,",
,,integrity.,
77.397,77.737,אדם,
77.817,78.097,רגיל,
78.157,78.598,מתחמק,
78.658,78.778,מן,
78.798,79.098,האמת,
79.138,79.538,ומנסה,
79.558,79.898,לשכוח,
79.918,80.279,"אותה,",
80.679,80.779,או,
80.799,81.139,למצוא,
81.179,81.499,פשרה,
81.559,82.04,שתאפשר,
82.08,82.18,לו,
82.22,82.62,לחיות,
82.64,82.7,עם,
82.76,83.24,"ידיעתה,",
83.46,83.66,כך,
83.68,84.021,נוהגת,
84.041,84.561,יוקסטה.,
85.041,85.321,כאשר,
85.401,85.642,נודעה,
85.682,85.782,לה,
85.842,86.362,"שבעלה,",
86.602,86.702,הוא,
86.762,86.902,גם,
86.982,87.222,"בנה,",
87.803,87.903,היא,
87.923,88.283,מנסה,
88.323,88.723,להדחיק,
88.743,88.883,את,
88.903,89.284,האמת,
89.324,89.764,ולאפשר,
89.804,90.384,לאדיפוס,
90.424,90.824,להוסיף,
90.844,91.225,לחיות,
91.285,91.845,בברותו.,1
92.545,92.725,אבל,
92.785,93.066,בעיני,
93.166,93.806,אדיפוס,
93.826,94.286,התחמקות,
94.346,94.767,כזאת,
94.887,95.087,אינה,
95.147,95.607,אפשרית.,
96.608,96.688,הוא,
96.728,97.028,דוחה,
97.068,97.528,מלפניו,
97.628,97.768,כל,
97.848,98.148,"עצה,",
98.549,98.629,הוא,
98.649,99.229,מתעקש,
99.289,99.649,להשלים,
99.669,99.789,את,
99.809,100.169,הגילוי,
100.23,100.55,"שלו,",
100.95,101.53,ובעשותו,
101.61,101.81,זאת,
101.87,101.95,הוא,
101.99,102.251,מוצא,
102.311,102.571,דרך,
102.611,102.991,להשלים,
103.011,103.091,עם,
103.151,103.531,זהותו,
103.551,104.032,החדשה.,
104.853,105.313,כאשר,
105.353,105.814,המקהלה,
105.854,106.394,המייצגת,
106.434,106.494,את,
106.574,106.734,בני,
106.774,107.095,העיר,
107.135,107.795,מציינת,
107.915,108.476,שאדיפוס,
108.516,108.776,יכול,
108.796,109.216,לשמש,
109.296,109.597,דגם,
109.617,110.157,לעיוורון,1
110.177,110.757,האנושי,
111.098,111.698,ולתבונה,
111.738,112.258,"האנושית,",
112.399,112.499,היא,
112.539,112.939,מוסיפה,
112.999,113.419,ואומרת,
113.479,113.7,שהוא,
113.74,113.84,גם,
113.9,114.24,מקור,
114.26,114.78,לנוחם.,
115.261,115.841,בזכותך,
115.941,116.382,יכולתי,
116.402,116.942,"לנשום,",
117.402,118.123,ובחסותך,
118.183,118.583,נעצמו,
118.603,119.044,עיניי.,
120.024,120.244,איני,
120.284,120.825,שוכחת,1
120.905,120.985,כי,
121.065,121.265,הוא,
121.325,121.605,הציל,
121.625,121.726,את,
121.766,122.106,"העיר,",
122.386,122.726,והודות,1
122.766,123.227,לחסות,
123.307,123.667,שעניק,
123.707,124.227,לאזרחים,
124.267,124.307,הם,
124.367,124.708,יכולים,
124.748,125.048,לישון,
125.088,125.528,בביטחה.,
126.389,126.629,אולם,
126.669,127.13,המקהלה,
127.17,127.41,אינה,
127.43,127.67,מעלה,
127.73,127.83,את,
127.85,128.33,השאלה,
128.551,128.891,מדוע,
128.931,129.211,נפלו,
129.251,129.631,ייסורים,1
129.691,129.892,כאלה,
129.952,130.372,בגורלו.,
131.498,132.078,ייסורים,1
132.238,132.318,הם,
132.358,132.598,מנת,
132.638,133.119,"חלקנו,",
133.159,133.379,אומר,
133.419,134.159,"סופוקלס,",
134.359,134.619,אולם,
134.719,134.959,אנו,
135.039,135.68,בהבנתנו,
135.7,136.34,המוגבלת,
136.64,136.96,איננו,
137,137.28,יודעים,
137.3,137.64,מדוע.,
138.821,138.921,לא,
138.961,139.221,נותר,
139.261,139.461,לנו,
139.481,139.601,אלא,
139.681,140.101,להשלים,
140.121,140.201,עם,
140.241,140.741,הנסיבות,
140.761,141.362,ההכרחיות,
141.382,141.942,הנגזורות,
142.022,142.442,מהיותינו,
142.502,142.742,בני,
142.782,143.162,אנוש.,
143.662,144.123,אדיפוס,
144.143,144.583,הנבון,
144.603,144.903,ומהיר,
144.923,145.503,התפיסה,
145.903,146.183,אומנם,
146.303,146.584,טעה,
146.644,146.984,בנושא,
147.044,147.404,זהותו,
147.484,147.804,"שלו,",
148.284,148.444,אך,
148.484,148.804,עמד,
148.844,149.525,בניסיון,
149.785,149.905,של,
149.985,150.325,גילוי,
150.345,150.805,האמת.,
151.885,152.466,סופוקלס,
152.486,152.666,אינו,
152.686,153.086,מסביר,
153.126,153.366,בשום,
153.406,153.666,מקום,
153.726,153.946,מדוע,
154.046,154.366,נגזר,
154.386,154.466,על,
154.526,154.987,אדיפוס,
155.047,155.127,מה,
155.187,155.767,שנגזר.,
156.267,156.347,הוא,
156.387,156.687,מדגיש,
156.747,156.887,את,
156.907,157.468,הרעיון,
157.568,157.868,שזה,
157.908,158.028,היה,
158.128,158.468,גורלו.,
158.768,159.308,אצל,
159.388,159.968,סופוקלס,
160.008,160.428,גורל,
160.568,160.969,פירושו,
160.989,161.229,להיות,
161.309,161.469,בן,
161.509,161.989,תמותה,
162.449,162.929,ולהשלים,
162.969,163.089,עם,
163.129,163.429,גורל,
163.509,163.689,זה.,
164.049,164.49,החופש,
164.55,164.69,של,
164.73,165.03,האדם,
165.05,165.43,לפעול,
165.51,165.87,מוגבל,
165.91,166.13,בשל,
166.21,166.51,קוצר,
166.55,166.95,"ימיו,",
167.11,167.37,בשל,
167.39,167.81,נסיבות,
167.91,168.25,חייו,
168.29,168.811,ומזגו,1
169.251,169.431,שהם,
169.491,169.951,מורשת,
169.971,170.391,העבר.,
170.771,171.091,אשר,
171.151,171.691,"לעתיד,",
172.232,172.572,הדבר,
172.612,173.012,היחיד,
173.032,173.412,הידוע,
173.432,174.092,לבטח,
174.452,174.552,הוא,
174.612,174.772,שהוא,
174.792,175.012,עתיד,
175.072,175.472,למות.,
175.953,176.233,אשר,
176.293,176.793,"להווה,",
177.213,177.293,הוא,
177.313,177.613,אנוס,
177.653,178.053,לפעול,
178.133,178.393,כאילו,
178.493,178.653,כל,
178.673,179.033,הדברים,
179.073,179.613,הנעלמים,
179.653,180.274,מידיעתו,
180.574,180.974,ידועים,
181.014,181.114,לו.,
181.786,182.567,בטרגדיה,
182.627,182.707,של,
182.767,183.548,"סופוקלס,",
183.928,184.008,לא,
184.048,184.468,השאלה,
184.548,184.669,של,
184.749,185.069,חטא,
185.109,185.429,ועונש,
185.629,185.75,היא,
185.77,186.13,השאלה,
186.17,186.83,"המרכזית,",
187.271,187.451,אלא,
187.491,187.991,האופן,
188.072,188.612,שהדמויות,
188.692,189.112,מגיבות,
189.153,189.553,למצב,
189.573,190.133,המסוכן,
190.173,190.574,והמטיל,
190.634,191.054,אימה,
191.154,191.715,שנקלעו,
191.735,192.055,אליו.,
192.596,193.056,דמויותיו,
193.116,193.616,נלכדות,
193.677,194.137,במצבים,
194.197,194.797,הרסניים,
194.838,195.498,ומורכבים,
195.898,196.079,שהם,
196.159,196.339,פועל,
196.359,196.639,יוצא,
196.699,196.819,של,
196.859,197.34,מעשיהן,
197.4,197.88,"שלהן,",
198.261,198.641,ומידת,
198.661,199.181,אשמתן,
199.321,199.502,אינה,
199.542,199.882,עומדת,1
199.922,200.382,לבחינה.,
201.023,201.503,לעתים,
201.563,201.944,נוצרת,
201.964,202.424,הרגשה,
202.464,203.145,שסופוקלס,
203.185,203.545,מעוניין,
203.585,204.025,בחקר,
204.045,204.346,גבולות,
204.406,204.786,הסבל,
204.806,205.346,"האנושי,",
206.067,206.467,יכולתו,
206.527,206.668,של,
206.728,207.008,האדם,
207.048,207.388,לדבוק,
207.468,208.109,באמונתו,
208.149,208.669,בעצמו,
209.029,209.39,כנגד,
209.47,209.59,כל,
209.63,210.11,הלחצים,
210.13,210.811,"החיצוניים,",
211.211,211.391,בלי,
211.431,211.752,לאבד,
211.792,211.852,את,
211.892,212.252,יכולת,
212.272,212.672,השיפוט,
212.732,212.993,שלו.,
213.793,214.294,המחזה,
214.354,214.674,מיטיב,
214.734,215.154,לצייר,
215.174,215.214,את,
215.254,215.655,עוורונו,
215.715,215.875,של,
215.915,216.275,האדם,
216.315,216.475,ואת,
216.536,216.816,חוסר,
216.836,217.276,הוודאות,
217.316,217.456,שהוא,
217.476,217.897,נחשף,
217.957,218.077,לה.,
218.697,219.038,האדם,
219.098,219.458,מגשש,
219.558,220.078,באפלה,
220.178,220.339,כמו,
220.379,220.839,שמגשש,
220.959,221.399,אדיפוס.,
222.1,222.64,האדם,
222.72,222.96,נידון,
222.98,223.361,לחיות,
223.441,223.801,בעולם,
223.881,223.981,של,
224.041,224.401,מראית,
224.461,224.781,"עין,",
225.181,225.441,ואינו,
225.481,225.762,יודע,
225.862,226.282,שאפשר,
226.342,227.002,שמסתתרת,
227.082,227.582,מאחוריו,
227.662,228.062,מציאות,
228.143,228.483,נוראה.,
229.343,229.503,אך,
229.603,230.023,אדיפוס,
230.103,230.503,משמש,
230.584,230.924,מופת,
230.984,231.384,לגדולת,
231.584,231.984,האדם.,
232.604,233.145,אדיפוס,
233.385,233.505,הוא,
233.565,233.945,גיבור,
233.985,234.445,"טרגי,",
234.865,235.185,אדם,
235.225,235.406,בעל,
235.486,235.766,שיעור,
235.846,236.126,קומה,
236.166,236.246,לא,
236.286,236.646,בזכות,
236.726,237.106,מעמדו,
237.146,237.446,הרם,
237.486,237.847,בעולם,
237.867,238.187,"הזה,",
238.647,238.987,שהרי,
239.047,239.347,דבר,
239.387,239.727,בחייו,
239.847,240.027,אינו,
240.087,240.448,"מוצק,",1
240.628,241.008,ודאי,
241.048,241.548,ותמידי,
241.588,242.028,והכול,
242.048,242.268,עתיד,
242.288,242.789,להתפוגג,
242.849,243.409,"כאשליה,",
243.989,244.129,אלא,
244.189,244.649,בזכות,
244.809,245.17,כוחו,
245.19,245.61,הפנימי.,
246.01,246.49,הכוח,
246.57,246.75,להיות,
246.85,247.21,רודף,
247.27,247.671,"אמת,",
248.151,248.431,ויהיה,
248.451,248.691,הנזק,
248.811,249.211,שיגרם,
249.251,249.311,לו,
249.331,249.651,עצמו,
249.711,250.012,גדול,
250.072,250.352,ככל,
250.432,250.632,"שיהיה,",
251.092,251.753,והכוח,
251.813,252.193,לקבל,
252.213,252.333,את,
252.373,252.753,האמת,
252.833,253.374,ולהתמודד,
253.394,253.614,איתה,
253.674,253.994,לאחר,
254.034,254.735,שנתגלתה.,
255.455,255.756,הרי,
255.876,255.996,את,
256.076,256.556,גורלי,
256.716,256.896,איש,
256.957,257.017,לא,
257.077,257.357,יוכל,
257.377,257.797,"לשאת,",
258.137,258.217,הוא,
258.258,258.638,"זועק,",
258.978,259.258,אלא,
259.378,259.559,אני,
259.619,260.139,בלבד.,
260.96,261.44,אדיפוס,
261.5,261.9,מקבל,
261.92,262,על,
262.02,262.301,עצמו,
262.321,262.421,את,
262.461,262.941,האחריות,
262.981,263.321,לכל,
263.381,263.902,"מעשיו,",
264.342,264.482,גם,
264.522,264.622,אם,
264.662,264.963,נעשו,
265.003,265.523,"בשוגג,",
266.004,266.264,וזו,
266.304,266.844,גדולתו.,
270.247,270.607,אדם,
270.867,271.328,ונביא.,
271.668,272.128,הידיעה,
272.148,272.749,האנושית,
272.849,272.969,מול,
272.989,273.349,הידיעה,
273.429,273.95,האלוהית.,
274.953,275.493,העימות,
275.553,275.693,בין,
275.713,276.053,הנביא,
276.073,276.634,למלך,
276.734,277.094,נסב,1
277.214,277.354,על,
277.394,277.834,הידיעה.,
278.614,279.074,תרזיאס,
279.114,279.515,מייצג,
279.535,279.635,את,
279.655,280.055,הידיעה,
280.115,280.635,"האלוהית,",
280.795,281.395,ואדיפוס,
281.435,281.535,את,
281.555,281.915,הידיעה,
282.015,282.616,האנושית.,
283.276,283.516,עימות,
283.596,283.716,זה,
283.776,284.316,מתאפשר,
284.376,284.616,משום,
284.676,285.337,שהטרגדיה,
285.357,285.837,כסוגה,1
286.297,286.677,מעמידה,
286.717,287.277,במבחן,
287.317,287.958,ובביקורת,
287.998,288.118,את,
288.138,288.578,האמונה,
288.598,289.038,הדתית,
289.078,289.198,ואת,
289.258,289.698,מערכת,
289.718,290.158,הערכים,
290.178,290.879,"המקובלת,",
291.279,291.399,והיא,
291.439,291.739,מגיעה,
291.779,292.219,לשיאה,
292.299,292.719,בתקופה,
292.799,293.019,שבה,
293.059,293.119,הן,
293.159,293.579,מתחילות,
293.62,294.22,להישחק.,
295.04,295.12,על,
295.16,295.36,רקע,
295.52,295.64,זה,
295.74,296.2,נפנה,1
,,עתה,
296.26,296.661,לבחון,
296.681,296.781,את,
296.821,297.061,אופן,
297.081,297.521,עיצובם,
297.581,297.721,של,
297.801,298.201,אדיפוס,
298.241,299.041,"ותרזיאס,",
299.482,299.622,ואת,
299.662,300.042,מהותה,
300.122,300.282,של,
300.342,301.082,האי,
,,הבנה,
301.122,301.662,הבסיסית,
302.022,302.563,השוררת,
302.603,302.923,ביניהם.,
303.623,304.043,בדו,
304.123,304.383,שיח,
304.423,304.883,הראשון,
304.943,305.083,בין,
305.143,305.503,אדיפוס,
305.543,306.383,"לתרזיאס,",
306.764,307.084,המלך,
307.184,307.384,חולק,
307.484,307.744,כבוד,
307.824,307.984,רב,
308.084,308.504,ומרעיף,
308.524,308.664,עליו,
308.744,309.024,דברי,
309.084,309.484,"ברכה,",
309.924,310.564,המהדהדים,
310.584,310.684,את,
310.704,311.164,השבחים,
311.224,311.644,שחלק,
311.684,311.764,לו,
311.784,312.085,עצמו,
312.125,312.565,הכהן,1
312.905,313.245,בשמם,
313.305,313.445,של,
313.505,313.785,שאר,
313.845,314.405,המתחננים,1
314.425,314.825,בפתח,
314.865,315.325,המחזה.,
316.065,316.505,להלן,
316.625,316.825,כמה,
316.885,317.445,דוגמאות.,
318.386,318.906,הכהן,
318.966,319.746,לאדיפוס.,
320.906,321.166,בני,
321.226,321.426,כל,
321.526,321.746,גיל,
321.866,322.046,אנו,
322.126,322.646,קוראים,
323.006,323.247,ליד,
323.327,324.127,מזבחותיך.,
324.907,325.267,אדיפוס,
325.307,326.107,לתרזיאס.,
326.747,326.887,חי,
326.987,327.447,"האלים,",
327.847,327.987,אל,
328.047,328.467,נא,1
,,תמנע,
328.507,328.607,את,
328.647,329.148,המידע.,
329.628,329.888,כולנו,
329.928,330.048,על,
330.108,330.608,ברכנו,
330.648,331.028,מבקשים,
331.088,331.288,ממך.,
332.378,332.878,הכהן,
332.918,333.578,לאדיפוס?,
334.399,334.799,בזכות,
334.859,335.419,תושייתך,
335.499,335.979,"מאז,",
336.36,336.84,הארץ,
336.96,337.12,עד,
337.2,337.56,היום,
337.68,337.96,קוראת,
337.98,338.16,לך,
338.24,338.66,גואל.,
339.341,339.761,אדיפוס,
339.821,340.621,לטרזיאס?,
341.321,341.622,בך,
341.722,342.122,בלבד,
342.182,342.542,"אדון,",
342.882,343.062,אנו,
343.122,343.422,רואים,
343.482,343.822,כעת,
343.943,344.343,מגן,
344.383,344.663,וגם,
344.743,345.023,גואל.,
346.756,347.336,בתחילת,
347.376,348.017,"המפגש,",
348.237,348.677,אדיפוס,
348.737,348.937,חף,
349.037,349.258,מכל,
349.278,349.858,התנשאות,
349.998,350.258,ואין,
350.278,350.358,בו,
350.398,350.759,גינוני,
350.799,351.239,מלכות.,
351.879,351.979,הוא,
352.019,352.199,פונה,
352.219,352.32,אל,
352.36,352.84,תרזיאס,
352.9,353.26,ביראת,
353.32,353.56,כבוד,
353.64,354.261,"מופלגת,",
354.721,354.981,מציב,
355.001,355.201,אותו,
355.261,355.682,כעליון,
355.722,355.902,מעל,
355.982,356.342,"כולם,",
356.682,356.902,כמי,
356.942,357.443,שבידיו,
357.523,357.843,נמצא,
357.883,358.283,המפתח,
358.323,358.724,לפתרון,
358.784,359.304,המשבר.,
360.044,360.144,הוא,
360.184,360.525,מצניע,
360.565,360.665,את,
360.685,361.085,עמדתו,
361.145,361.505,הרמה,
361.565,361.665,ואת,
361.705,362.186,סמכותו,
362.266,362.646,"שלו,",
363.006,363.326,הגם,
363.387,363.907,שהמעמד,
363.947,364.347,מתנהל,
364.387,365.028,בפרהסיה,
365.108,365.468,לנגד,
365.528,365.668,בני,
365.708,366.048,עמו.,
366.709,367.149,המשפט,
367.209,367.369,שבו,
367.389,367.469,הוא,
367.509,367.849,מקדם,
367.889,367.989,את,
368.009,368.21,פני,1
368.27,368.75,"הנביא,",
369.45,369.59,הוא,
369.711,370.291,תרזיאס,
370.311,370.711,הבקיא,
370.751,371.031,בכל,
371.091,371.352,דבר.,
372.052,372.632,מצביע,
372.652,372.732,על,
372.752,373.252,החשיבות,
373.272,373.672,הנודעת,
373.792,374.192,בעיניו,
374.212,374.713,לידיעה.,
375.533,375.673,אך,
375.693,375.813,הוא,
375.853,376.233,מחשיב,
376.313,376.633,כאמור,
376.733,376.873,את,
376.933,377.413,הידיעה,
377.493,378.093,"האנושית,",
378.153,378.733,"הארצית,",
379.193,379.513,לעומת,
379.533,380.054,תרזיאס,
380.114,380.974,שבתוקף,1
,,היותו,
381.014,381.394,נביא,
381.734,382.094,מייצג,
382.114,382.214,את,
382.254,382.674,הידיעה,
382.754,383.314,"האלוהית,",
383.554,384.194,השמיימית.,
384.975,385.375,דרכיו,
385.435,385.595,של,
385.635,385.835,האל,
385.855,386.335,ורצונו,
386.375,386.755,מוצגים,
386.795,387.115,לאדם,
387.195,387.655,בחידות,
387.675,388.275,ובסמלים,
388.315,388.775,באמצעות,
388.815,389.335,האורקל,
389.375,389.936,"והנביא,",
390.396,390.836,והדברים,
390.856,391.336,נמסרים,
391.356,391.816,בלשון,
391.876,392.516,דו,
,,משמעית,
392.536,392.876,היכולה,
392.936,393.516,להתפרש,
393.556,393.856,לכאן,
393.876,394.356,ולכאן.,
395.297,395.657,קוצר,
395.677,395.937,ידו,
396.017,396.137,של,
396.157,396.437,האדם,
396.517,396.937,מתגלה,
396.997,397.397,בחוסר,
397.437,397.817,יכולתו,
397.837,398.097,לדעת,
398.197,398.317,את,
398.337,398.777,האמת.,
399.177,399.457,זוהי,
399.477,400.098,האירוניה,
400.198,400.638,שמקורה,
400.698,401.018,בטבע,
401.058,401.478,האנושי.,
402.038,402.518,האדם,
402.598,402.959,סבור,
403.019,403.179,שהוא,
403.199,403.519,יודע,
403.539,403.659,את,
403.719,404.079,"האמת,",
404.159,404.259,אם,
404.299,404.399,כי,
404.419,405,למעשה,
405.2,405.4,אינו,
405.44,405.78,יודע,
405.8,406.04,אותה.,
406.481,406.601,הוא,
406.641,406.941,רחוק,
407.021,407.141,כל,
407.241,407.441,כך,
407.521,408.122,"מידיעתה,",
408.682,408.762,עד,
408.802,409.082,שגם,
409.142,409.422,כאשר,
409.442,409.543,הוא,
409.563,410.003,נחשף,
410.043,410.143,"לה,",
410.483,410.563,היא,
410.603,411.083,נשגבת,
411.143,411.684,מבינתו.,
412.264,412.664,הנביא,
412.704,412.945,נושא,
412.965,413.185,עיניו,
413.225,413.365,אל,
413.385,413.845,אפולו,
413.905,414.165,שאותו,
414.185,414.325,הוא,
414.365,414.906,"משרת,",
415.286,415.506,ואילו,
415.566,416.127,אדיפוס,
416.147,416.587,מתמקד,
416.647,416.947,בתחום,
416.987,417.507,האנושי,
417.567,418.048,ובמינים,
418.068,418.568,האנושיים,
418.608,419.108,המובנים,
419.168,419.328,לו,
419.709,420.049,כגון,
420.189,420.609,החשד,
420.689,421.25,בקנונייה,
421.35,421.51,בין,
421.57,421.87,קריאון,
421.91,422.59,לתרזיאס,
422.67,422.931,נגדו.,
423.571,424.251,תרזיאס,
424.311,424.531,מביא,
424.551,424.711,עמו,
424.731,424.851,אל,
424.871,425.171,הבמה,
425.211,425.571,דבר,1
425.631,425.752,שהוא,
425.792,426.152,מעבר,
426.172,426.812,למגבלותיה,
426.892,427.012,של,
427.032,427.412,הידיעה,
427.452,427.992,האנושית.,
428.532,428.612,הוא,
428.632,428.972,ניחן,
429.012,429.532,בראייה,
429.892,430.413,המקיפה,
430.513,430.913,עבר,
430.973,431.473,"ועתיד,",
431.853,431.933,אך,
431.973,432.073,הוא,
432.093,432.493,מסרב,
432.553,432.873,בתחילה,
432.953,433.313,לחלוק,
433.333,433.393,עם,
433.493,433.853,אדיפוס,
433.873,433.993,את,
434.073,434.354,המידע,
434.414,435.034,"שבידיו,",
435.474,435.554,לא,
435.594,435.854,בשל,
435.874,436.434,רגזנותו,
436.454,436.914,האנושית,
436.954,437.234,שבה,
437.274,437.334,אנו,
437.394,437.914,"נוכחים,",
438.214,438.334,או,
438.354,438.835,הקנוניה,
438.915,439.035,שהוא,
439.075,439.335,רקם,
439.375,439.795,כביכול,
439.835,439.955,עם,
439.975,440.395,קריאון,
440.735,441.255,כהאשמת,1
441.355,441.915,"אדיפוס,",
442.335,442.515,אלא,
442.575,443.236,בהכרתו,
443.316,443.436,את,
443.456,444.016,המגבלות,
444.036,444.696,האנושיות.,
445.216,445.576,הנביא,
445.616,445.976,יודע,
446.456,446.756,שאין,
446.836,447.076,טעם,
447.116,447.737,בחשיפת,
447.757,448.217,"האמת,",
448.637,448.877,משום,
448.937,449.597,שאדיפוס,
449.617,449.717,על,
449.817,449.957,אף,
450.037,450.197,שהוא,
450.257,450.557,חותר,
450.597,451.057,בדבקות,
451.097,451.638,"לבירורה,",
452.118,452.558,יתקשה,
452.578,453.038,להתמודד,
453.078,453.298,איתה.,
453.558,454.398,"ואכן,",
454.458,454.618,אנו,
454.658,454.899,מיד,
454.939,455.319,נוכחים,
455.359,455.619,לראות,
455.659,456.299,בצדקתו.,
456.98,457.24,כאשר,
457.32,457.74,תרזיאס,
457.8,458.12,חושף,
458.16,458.3,את,
458.32,458.7,האמת,
458.74,459.06,ומטיח,
459.161,459.381,אותה,
459.421,459.781,בפניו,
459.821,459.961,של,
460.021,460.461,אדיפוס,
460.501,460.861,ובפני,
460.921,461.181,חלק,
461.221,461.301,מן,
461.342,461.842,"הצופים,",
462.282,462.522,שכן,
462.562,462.622,לא,
462.702,462.982,כולם,
463.062,463.362,הכירו,
463.382,463.502,את,
463.522,464.103,"המיתוס,",
465.063,465.383,אתה,1
465.523,465.643,הוא,
465.703,466.264,הרוצח,
466.324,466.744,שאינך,
466.804,467.164,מוצא.,
467.684,468.205,"הקשב,",
468.345,468.605,האיש,
468.665,468.945,אשר,
469.005,469.365,התחלת,
469.465,470.045,"לחפשו,",
470.486,470.626,הוא,
470.666,471.206,יתגלה,
471.226,471.586,כאב,
471.646,471.986,ואח,
472.066,472.707,"לילדיו,",
472.867,473.247,כבן,
473.287,473.567,ובעל,
473.667,474.067,"לאמו,",
474.487,474.828,וגם,
474.908,475.288,כמי,
475.408,475.988,שלאביו,
476.028,476.268,הינו,
476.328,476.728,שותף,
476.808,477.329,לבעילה,
477.769,478.069,וגם,
478.149,478.689,רוצח.,
479.49,480.15,אדיפוס,
480.53,480.99,מסרב,
481.03,481.31,להבין,
481.331,481.391,את,
481.411,481.771,דבריו.,
482.431,483.171,ההתנגשות,
483.251,483.451,בין,
483.471,483.792,הידיעה,
483.832,484.312,האנושית,
484.332,484.752,לידיעה,
484.812,485.352,האלוהית,
485.812,486.253,מודגמת,
486.353,486.793,בניגוד,
486.853,487.093,שבין,
487.153,487.453,חידת,
487.473,488.053,הספינקס,
488.133,488.454,לדבר,
488.474,488.934,"הנבואה,",
489.494,489.654,שני,
489.714,490.074,אופני,
490.094,490.494,הידיעה,
490.554,491.195,המובהקים,
491.255,491.775,המבדילים,
491.815,491.955,בין,
492.015,492.415,אדיפוס,
492.435,493.276,לתרזיאס.,
494.016,494.396,אדיפוס,
494.496,494.776,פותר,
494.876,495.236,חידות,
495.276,495.517,שבני,
495.537,495.797,אנוש,
495.837,496.197,אחרים,
496.237,496.297,לא,
496.337,496.717,הצליחו,
496.737,497.217,"לפתור,",
497.697,497.858,ואילו,
497.938,498.498,תרזיאס,
498.578,498.858,משמיע,
498.958,499.358,נבואות,
499.378,500.059,"המנוסחות,",
500.119,500.279,כפי,
500.339,500.839,שאדיפוס,
500.919,501.439,"מאשימו,",1
501.819,502.239,כחידות,
502.299,502.76,סתומות,
503.12,503.44,שאותן,
503.48,503.78,אפילו,
503.8,504.28,אדיפוס,
504.3,504.48,אינו,
504.52,504.921,מצליח,
504.961,505.341,לפתור.,
505.921,506.722,המעמד,
506.802,507.102,מראה,
507.182,507.522,כיצד,
507.602,507.782,שני,
507.862,508.142,סוגי,
508.162,508.463,הידיעה,
508.563,508.823,אלה,
509.223,509.683,משלימים,
509.783,509.864,זה,
509.924,510.004,את,
510.064,510.244,זה,
510.384,510.744,כשני,
510.784,511.264,הפנים,
511.284,511.685,במצב,
511.725,512.125,הטרגי,
512.185,512.325,של,
512.385,512.945,אדיפוס.,
513.666,513.966,פתרון,
514.046,514.326,חידת,
514.366,514.807,הספינקס,
514.867,515.087,מעיד,
515.127,515.187,על,
515.247,515.687,תבונתו,
515.767,515.887,של,
515.947,516.468,"אדיפוס,",
516.848,517.308,שאפשרה,
517.328,517.408,את,
517.448,517.809,הצלת,
517.849,518.129,העיר,
518.169,518.289,ואת,
518.309,518.689,השגת,
518.709,519.129,עמדתו,
519.169,519.55,הרמה.,
520.13,520.69,והנבואה,
520.75,521.131,מגלה,
521.211,521.331,את,
521.431,521.771,חוסר,
521.791,522.151,האונים,
522.211,522.492,"שלו,",
522.932,523.072,כמו,
523.132,523.232,גם,
523.272,523.372,את,
523.432,523.772,חוסרי,
523.792,524.313,"הידיעה,",
524.713,524.793,מול,
524.813,525.313,הכוחות,
525.373,525.774,הגדולים,
525.794,526.254,השולטים,
526.294,526.874,בחייו.,
527.775,528.535,תרזיאס,1
529.516,529.996,לדעתך,
530.016,530.116,אני,
530.156,530.497,"שוטה,",
531.017,531.177,אבל,
531.257,531.818,הוריך,
531.838,532.038,אשר,
532.058,532.298,ילדו,
532.318,532.738,אותך,
532.838,533.118,חשבו,
533.158,533.339,אותי,
533.379,533.679,נבון.,
534.49,535.13,אדיפוס.,
535.63,535.871,אילו,
535.911,536.791,הורים?,
536.871,537.211,חכה,1
,,נא,
537.471,537.531,מי,
537.551,537.811,הוליד,
537.831,538.132,אותי?,
538.692,539.312,תרזיאס.,
539.772,540.072,היום,
540.112,540.293,הזה,
540.373,540.813,יוליד,
540.873,541.133,וגם,
541.233,541.553,ימית,
541.573,541.833,אותך.,
542.393,542.994,אדיפוס.,
543.634,543.894,תמיד,
543.914,544.054,אתה,
544.114,544.574,משמיע,
544.674,544.814,רק,
544.915,545.255,חידות,
545.315,545.775,סתומות.,
546.315,547.015,תרזיאס.,
547.676,547.996,האם,
548.036,548.296,אתה,
548.336,548.776,המעולה,
548.816,549.416,שבפותרים?,
550.097,550.697,אדיפוס.,
551.217,551.637,בפסול,1
551.657,551.838,הזה,
551.878,552.358,עצמו,
552.558,552.858,תמצא,
552.898,552.978,את,
553.018,553.538,גדולתי.,
554.219,554.939,תרזיאס.,
555.379,555.499,אך,
555.539,555.939,דווקא,
556.099,556.54,המזל,
556.56,556.82,הזה,
556.88,557.22,הרס,
557.26,557.48,אותך.,
558.28,558.861,אדיפוס.,
559.321,559.441,אם,
559.521,559.781,"כך,",
560.061,560.461,הצלתי,
560.481,560.581,את,
560.601,560.921,העיר.,
561.442,561.522,לי,
561.562,561.622,לא,
561.662,561.982,אכפת.,
563.998,564.457,ציינו,1
564.537,565.057,שהשאלות,
565.097,565.797,המרכזיות,
565.817,566.237,המניעות,
566.277,566.378,את,
566.398,566.918,המחזה,
566.978,567.198,הן,
567.598,567.698,מי,
567.738,568.098,רצח,
568.138,568.258,את,
568.318,568.798,ליוס,1
569.138,569.398,ומי,
569.458,569.538,הוא,
569.618,570.218,אדיפוס.,
570.878,571.058,אך,
571.178,571.399,אילו,
571.439,571.579,היה,
571.659,571.899,עיקר,
571.939,572.539,הטרגדיה,
572.579,572.939,מושתת,
572.979,573.459,"עליהן,",
573.939,574.119,הרי,
574.179,574.399,שזו,
574.439,574.739,יכולה,
574.759,574.939,הייתה,
574.959,575.439,להסתיים,
575.459,575.619,כבר,
575.659,575.979,בשלב,
576.1,576.28,"זה,",
576.74,576.94,שהרי,
576.98,577.28,בסוף,
577.34,577.68,העימות,
577.7,578.1,ביניהם,
578.18,578.64,תרזיאס,
578.7,579.06,מטיח,
579.12,579.42,בפני,
579.46,579.86,אדיפוס,
579.88,579.98,את,
580.04,580.62,פתרונן.,
581.421,581.741,מאחר,
581.821,582.041,שמה,
582.121,582.461,שיכול,
582.501,582.601,היה,
582.661,582.821,להיות,
582.921,583.181,סיום,
583.221,583.561,העלילה,
583.601,583.701,הוא,
583.741,584.341,למעשה,
584.381,584.561,רק,
584.661,585.161,"ראשיתה,",
585.842,586.022,אנו,
586.062,586.462,מסיקים,
586.522,587.062,ששאלות,
587.142,587.342,אלה,
587.402,587.442,הן,
587.542,587.982,אמצעי,
588.022,588.542,בלבד,
588.942,589.442,להעלתה,
589.502,589.622,של,
589.702,590.022,שאלה,
590.062,590.562,אחרת,
590.643,591.043,הקשורה,
591.123,591.543,בגבולות,
591.563,591.963,הידיעה,
592.023,592.523,האנושית.,
593.063,593.423,בדו,
593.483,593.763,שיח,
593.783,593.863,עם,
593.903,594.563,"תרזיאס,",
594.903,595.324,אדיפוס,
595.344,595.644,עדיין,
595.704,595.824,לא,
595.844,596.104,בשל,1
596.124,596.464,לקלוט,
596.484,596.564,את,
596.644,596.744,מה,
596.804,597.244,שנאמר,
597.304,597.444,"לו,",
597.964,598.064,כי,
598.084,598.484,בשלב,
598.584,598.724,זה,
598.984,599.304,גבולות,
599.344,599.625,הידע,
599.725,599.965,שלו,
600.005,600.325,מונעים,
600.365,600.625,ממנו,
600.645,600.745,את,
600.765,601.145,הבנת,
601.185,601.685,האמת.,
602.465,602.985,ידיעתו,
603.025,603.505,המסתורית,
603.565,604.046,ומעוררת,
604.066,604.566,החרדה,
604.626,604.726,של,
604.766,605.206,הנביא,
605.526,605.866,עומדת,
605.946,606.386,בניגוד,
606.466,606.606,רב,
606.686,607.086,עוצמה,
607.126,607.186,על,
607.206,607.626,ההיגיון,
607.686,607.806,של,
607.886,608.467,"אדיפוס,",
608.807,609.247,והנביא,
609.267,609.707,מסיים,
,,את,
609.727,610.087,דבריו,
610.147,610.607,באיום,
610.667,611.127,כבוש,1
611.487,611.867,המציב,
611.887,612.248,אתגר,
612.348,612.608,חדש,
612.688,613.248,לתבונתו,
613.308,613.408,של,
613.488,614.068,אדיפוס.,
614.988,615.188,לך,
615.228,615.268,נא,
615.328,615.808,לביתך,
615.908,616.288,"כעת,",
616.809,617.149,חשוב,
617.169,617.269,על,
617.349,617.649,"כך,",
618.169,618.469,ואם,
618.509,618.809,יקרה,
618.889,619.569,"שאתבדה,",1
619.949,620.269,הגד,1
620.289,620.589,עליי,
620.71,621.01,שאין,
621.07,621.15,לי,
621.17,621.41,ידע,
621.49,621.91,בנבואה.,
622.73,623.27,נושא,
623.29,623.731,הידיעה,
623.811,624.231,והאמת,
624.271,624.612,נשמר,
624.732,624.892,כל,
624.932,625.212,העת,
625.252,625.652,בחזית,
625.672,626.073,התמונה.,
626.653,627.114,לדעת,
627.194,627.294,זה,
627.354,627.634,"נורא,",
627.994,628.355,כשאין,
628.395,628.835,"בכך,",
629.215,629.616,תועלת,
629.676,630.136,"לידיעה,",
630.576,630.897,אומר,
630.937,631.577,תרזיאס.,
631.977,632.077,מי,
632.138,632.718,שהמקהלה,
632.818,633.038,קודם,
633.118,633.539,כניסתו,
633.559,633.919,לבמה,
633.979,634.339,הציגה,
634.419,634.82,במילים,
635.538,636.099,הנביא,
636.159,636.719,"האלוהי,",
637.059,637.52,היחיד,
637.54,637.78,אשר,
637.84,638.16,טבועה,
638.241,638.341,בו,
638.361,638.861,האמת.,
639.562,639.702,גם,
639.762,639.822,אם,
639.922,640.342,אדיפוס,
640.423,640.763,עקבי,
640.783,641.423,בחתירתו,
641.443,641.744,לדעת,
641.804,641.904,את,
641.944,642.304,האמת,
642.444,642.865,ודבק,
642.945,643.345,בגילויה,
643.405,643.646,בכל,
643.666,643.826,"מיר,",1
644.266,644.506,וגם,
644.546,644.626,אם,
644.666,645.007,ניחן,
645.047,645.467,בסגולות,
645.507,646.028,"תבוניות,",
646.248,646.808,בחריפות,
646.909,647.229,שכל,
647.249,647.669,ובכוח,
647.709,648.25,"ההיגיון,",
648.77,648.91,אין,
648.95,649.431,ביכולתו,
649.471,649.911,לדעת,
650.051,650.272,אלא,
650.292,650.592,ידיעה,
650.692,651.213,"חלקית,",
651.693,651.953,משום,
651.993,652.514,שידיעת,1
652.554,652.934,"האדם,",
653.114,653.515,בניגוד,
653.555,653.955,לידיעה,
654.015,654.516,"האלוהית,",
654.896,655.016,היא,
655.056,655.657,"מוגבלת,",
655.997,656.678,"והעתיד,",
656.698,657.098,ובמקרה,
657.178,657.298,של,
657.358,657.859,"אדיפוס,",
657.899,658.039,גם,
658.099,658.559,"מעבר,",
658.98,659.3,עלום,1
659.38,659.7,עבורו.,
660.361,660.821,לאור,
660.921,661.181,"זאת,",
661.562,661.882,אפילו,
661.922,662.262,הסקת,
662.342,662.782,מסקנות,
662.822,663.362,"בדיעבד,",
663.483,663.863,במבט,
663.923,664.423,"לאחור,",
664.903,665.203,עלולה,
665.263,665.504,להיות,
665.544,666.084,מוטעת.,
666.844,667.344,"ואכן,",
667.745,668.125,עלילת,
668.145,668.625,המחזה,
668.705,669.005,בנויה,
669.065,669.666,בהמשכה,
669.706,670.246,כבתנועת,1
670.326,670.986,מטוטלת,
671.366,671.486,בין,
671.506,672.067,התקרבות,
672.127,672.787,והתרחקות,
672.847,673.367,מהבנת,
673.407,673.728,האמת,
673.748,674.328,הנבואית.,
675.208,675.428,נוכל,
675.468,675.688,לראות,
675.748,676.029,דוגמה,
676.089,676.689,להיטלטלות,
676.769,676.949,זו,
677.029,677.189,בין,
677.249,677.569,ידיעה,
677.629,678.13,לחוסר,
678.19,678.59,"ידיעה,",
679.03,679.15,או,
679.23,679.53,ידיעה,
679.65,680.131,"חלקית,",
680.471,680.831,בקטע,
680.931,681.191,הבא,
681.251,681.591,לקוח,
681.651,682.032,מדבריו,
682.092,682.232,של,
682.292,682.652,אדיפוס,
682.732,683.372,"ליוקסטה,",
683.812,684.193,לאחר,
684.233,684.593,העימות,
684.613,684.713,עם,
684.753,685.233,קריאון.,
686.474,686.894,אדיפוס,
687.766,688.086,אני,
688.126,688.506,היטלתי,
688.526,688.626,על,
688.646,688.886,עצמי,
688.926,689.027,את,
689.047,689.507,הקללות.,
690.187,690.347,אני,
690.407,690.707,שוכב,
690.727,690.807,עם,
690.847,691.308,האישה,
691.488,691.908,שבעלה,
691.968,692.408,נרצח,
692.488,692.688,במו,
692.708,693.148,ידיי.,
693.889,694.069,האם,
694.089,694.349,איני,
694.389,694.789,נבל?,
695.369,695.809,תמה,1
695.829,696.31,מוחלט?,
697.11,697.29,עליי,
697.33,697.69,ללכת,
697.71,698.09,"לגלות,",
698.691,698.871,ולא,
698.911,699.171,לראות,
699.211,699.291,שם,
699.331,699.431,את,
699.471,699.991,"קרוביי,",
700.411,700.471,לא,
700.531,700.892,להציב,
701.012,701.192,כף,
701.312,701.552,רגל,
701.612,702.152,במולדת.,
703.033,703.213,שמא,
703.253,703.713,אאלץ,
703.773,704.093,לשאת,
704.153,704.213,לי,
704.233,704.333,את,
704.393,704.753,אמי,
705.013,705.193,ואת,
705.233,705.494,אבי,
705.534,706.074,לקטול.,1
706.834,706.974,את,
707.094,707.554,פוליבוס,
707.615,708.155,מכלכלי,1
708.195,708.575,ומולידי.,
710.412,710.892,הקטע,
710.932,711.333,מהדהד,
711.353,711.413,את,
711.493,711.853,דברי,
711.893,712.233,הנבואה,
712.333,712.453,של,
712.513,713.234,"תרזיאס,",
713.654,714.034,ונדמה,
714.074,714.235,לנו,
714.295,714.515,שהם,
714.595,715.095,חילחלו,
715.115,715.655,לתודעתו,
715.716,715.876,של,
715.896,716.496,אדיפוס.,
717.237,717.337,אך,
717.397,717.597,תוך,
717.657,717.897,כדי,
717.917,718.357,הגילוי,
718.377,718.918,מתרחשת,
718.978,719.458,"תפנית,",
719.858,720.339,המידע,
720.359,720.399,על,
720.459,720.659,כך,
720.719,721.299,שההבנה,
721.419,721.78,חלקית,
721.84,722.34,"בלבד,",
722.84,722.92,כי,
722.98,723.421,המידע,
723.481,723.761,העומד,
723.781,724.241,לרשותו,
724.281,724.421,של,
724.481,725.042,אדיפוס,
725.382,725.602,אינו,
725.642,726.082,מאפשר,
726.122,726.443,הבנה,
726.523,726.923,מלאה,
727.143,727.704,ומנגנון,
727.744,728.104,ההגנה,
728.204,728.384,פועל,
728.404,728.504,את,
728.584,729.084,פעולתו.,
729.825,729.965,רק,
730.025,730.365,בשלב,
730.465,730.826,מאוחר,
730.906,731.286,"יותר,",
731.646,732.146,התבשר,
732.207,732.627,אדיפוס,
732.687,732.967,מפי,
732.987,733.347,השליח,
733.527,734.288,שפוליבוס,
734.488,734.788,אינו,
734.808,735.209,"אביו,",
735.529,735.809,"אלא,",
735.929,736.129,כפי,
736.189,736.629,שיגלה,
736.649,736.71,לו,
736.77,736.97,זאת,
736.99,737.39,"הרועה,",
737.83,738.191,ליוס.,
738.931,739.191,או,
739.311,739.651,"אז,",
739.851,740.372,יתאמתו,
740.412,740.692,דברי,
740.732,741.052,הנביא,
741.112,741.532,שנאמרו,
741.552,741.972,בראשית,
741.992,742.493,המחזה,
742.553,742.973,ויובנו,
743.013,743.093,על,
743.113,743.333,ידי,
743.453,743.933,אדיפוס,
744.013,744.573,במלואם.,
745.114,745.234,עד,
745.274,745.754,לנקודות,
745.814,746.294,מכריעות,
746.414,746.694,"אלה,",
747.134,747.515,אדיפוס,
747.575,747.855,יחיה,
747.915,748.475,"באשליה,",
748.995,749.335,ייזון,1
749.375,749.776,מדברי,
749.796,750.376,ההרגעה,
750.456,750.536,של,
750.596,750.936,דמויות,
750.956,751.416,"המשנה,",
751.496,751.857,בעיקר,
751.917,752.037,של,
752.057,752.597,"יוקסטה,",
753.057,753.617,ומאמיתות,1
753.677,754.197,חלקיות,
754.238,754.938,שבאמצעותם,
754.978,755.078,הוא,
755.098,755.578,"ינסה,",
755.958,756.218,בכל,
756.318,756.438,פעם,
756.518,757.079,"מחדש,",
757.459,757.779,למלא,
757.819,757.919,את,
757.939,758.299,הפער,
758.319,758.879,המרכזי,
758.92,759.28,ביחס,
759.34,759.86,לזהותו,
759.9,760.42,האמיתית,
760.66,761.1,וחידת,
761.18,761.521,חייו.,
762.421,763.142,במבט,
763.242,763.362,בן,
763.422,764.003,זמננו,
764.163,764.443,אפשר,
764.463,764.784,לראות,
764.844,765.564,"באדיפוס,",
765.644,765.885,יציר,
765.925,766.205,רוחו,
766.265,766.345,של,
766.405,767.106,"סופוקלס,",
767.426,767.827,במידה,
767.867,768.127,רבה,
768.207,768.347,גם,
768.427,768.527,את,
768.608,768.748,בן,
768.788,769.188,דמותו,
769.248,769.348,של,
769.388,769.869,המחזאי,
769.909,770.269,עצמו.,
770.75,771.03,שכן,
771.11,771.491,אדיפוס,
771.551,771.871,מנסה,
771.911,772.372,להמחיז,
772.412,772.792,לעצמו,
772.852,773.152,סיפור,
773.253,773.593,"חיים,",
773.993,774.053,על,
774.133,774.214,פי,
774.234,774.654,עקרונות,
774.694,774.794,של,
774.834,775.195,ברירה,
775.235,775.855,"וצירוף,",
776.196,776.256,על,
776.316,776.516,סמך,
776.616,777.017,המידע,
777.057,777.317,העומד,
777.337,777.817,לרשותו.,
778.418,779.018,הדמויות,
779.058,779.578,הסובבות,
779.618,779.878,אותו,
779.938,780.299,מנסות,
780.359,780.719,לעזור,
780.779,780.859,לו,
780.899,781.319,לתבנת,1
781.339,781.379,את,
781.539,781.999,הנרטיב,
782.079,782.599,האחד,
782.939,783.239,מתוך,
783.34,783.48,כל,
783.52,784.1,הנרטיבים,
784.12,784.56,האחרים,
784.6,785.08,הקיימים,
785.12,785.62,בכוח,
785.96,786.26,ועולים,
786.28,787.021,מחקירתו.,
787.861,788.221,סיפור,
788.241,788.581,המיתוס,
788.641,788.761,של,
788.841,789.281,אדיפוס,
789.321,789.962,המבצבץ,
790.022,790.402,ברקע,
790.482,790.602,של,
790.662,790.782,כל,
790.822,791.302,הסיפורים,
791.342,791.622,האלה,
792.042,792.322,פועל,
792.402,792.802,כדברי,
792.842,793.263,הנבואה,
793.303,793.603,וצו,
793.663,794.203,הגורל.,
794.683,794.783,הוא,
794.843,795.323,נצרב,
795.443,795.943,כתבנית,
796.023,796.484,עומק,
796.524,796.804,ואין,
796.844,797.224,להימלט,
797.284,797.804,"מפניו,",
798.244,798.424,אלא,
798.604,798.904,לנסות,
798.944,799.485,לשחזר,
799.525,799.965,ולתבנת,
800.025,800.265,אותו,
800.305,800.685,בצורה,
800.725,800.925,מעט,
800.985,801.305,שונה,
801.465,801.745,בכל,
801.825,802.005,פעם,
802.045,802.565,"מחדש,",
803.126,803.226,רק,
803.266,803.346,על,
803.386,803.606,מנת,
803.666,803.986,לחזור,
804.006,804.186,אליו,
804.226,804.706,לבסוף,
804.766,805.166,מהכיוון,
805.226,805.726,"ההפוך,",
806.087,806.527,מהסוף,
806.587,807.087,להתחלה.,
807.427,808.147,בניסוח,
808.207,808.627,"אחר,",
809.047,809.308,אפשר,
809.328,809.688,לטעון,
809.728,810.388,שסופוקלס,
810.428,810.908,נסחף,
810.968,811.368,בעצמו,
811.388,811.468,אל,
811.528,811.748,תוך,
811.768,812.128,העלילה,
812.188,812.688,"שטווה,",
813.109,813.469,והופך,
813.489,813.569,את,
813.629,813.969,גיבורו,
814.009,814.249,לבן,
814.309,814.749,"דמותו,",
815.169,815.449,בכך,
815.509,815.949,ששניהם,
815.989,816.37,מנסים,
816.43,817.07,"להימלט,",
817.19,817.67,"לשווא,",
817.91,818.39,מהטווי,1
818.47,818.93,שנקבע,
818.97,819.21,מראש,
819.33,819.41,על,
819.45,819.63,ידי,
819.67,819.991,עלילת,
820.011,820.571,המיתוס.,
821.331,821.511,אלא,
821.571,822.131,שהתבנות,1
822.211,822.571,השונה,
822.611,823.011,והחדש,
823.091,823.211,של,
823.231,823.772,"המיתוס,",
823.912,824.452,בטכניקה,
824.472,825.412,"הרטרוספקטיבית,",
825.892,826.052,רק,
826.132,826.432,מעניק,
826.472,826.532,לו,
826.592,826.892,משנה,
826.992,827.433,תוקף,
827.553,828.173,ומשמעות.,
828.773,829.113,אם,
829.153,829.514,נמשיך,
829.534,829.634,את,
829.674,830.134,ההקבלה,
830.234,830.354,בין,
830.374,830.795,היוצר,
830.855,831.175,לדמות,
831.215,831.776,"שיצר,",
832.176,832.556,ההבדל,
832.596,833.077,ביניהם,
833.377,833.497,הוא,
833.517,833.857,ההבדל,
833.957,834.258,שבין,
834.338,834.598,ממשות,
834.638,835.178,לדמיון.,
835.639,836.119,אדיפוס,
836.159,836.46,איננו,
836.54,836.7,רק,
836.72,837.32,המחזאי,
837.36,837.661,במאי,1
837.701,837.821,של,
837.881,838.161,סיפור,
838.241,838.641,"חייו,",
839.042,839.202,בן,
839.242,839.602,דמותו,
839.662,839.762,של,
839.822,840.383,סופוקלס,
840.443,840.923,"היוצר,",
841.364,841.504,אלא,
841.564,841.704,גם,
841.744,842.124,לחוד,
842.184,842.525,בתוך,
842.565,843.045,המחזה,
843.065,843.666,"הבדיוני,",
844.006,844.466,בגלמו,
844.546,845.027,כשחקן,
845.087,845.447,ראשי,
845.507,845.647,את,
845.667,846.128,התפקיד,
846.168,846.288,של,
846.308,846.648,הגיבור,
846.668,847.069,הטרגי.,
847.589,847.889,אם,
847.929,848.329,מקבלים,
848.369,848.449,את,
848.469,848.749,דמותו,
848.809,848.929,של,
849.009,849.409,אדיפוס,
849.489,849.929,כדגם,
849.989,850.11,של,
850.19,850.45,קיום,
850.49,850.83,האדם,
850.87,851.33,"בעולם,",
851.73,851.93,הרי,
851.99,852.37,שאפשר,
852.39,852.67,לראות,
852.73,853.55,בסופוקלס,
853.79,854.19,שחקן,
854.27,854.63,"ראשי,",
854.95,855.331,גיבור,
855.351,855.771,"טרגי,",
856.091,856.251,כמו,
856.351,856.811,אדיפוס,
856.871,857.391,וכמונו,
857.411,857.871,"הצופים,",
858.271,858.891,בטרגדיה,
858.911,859.351,"הזאת,",
859.671,860.212,הנקראת,
860.412,860.712,חיי,
860.732,861.092,אדם.,
861.932,862.392,במחזה,
862.452,863.192,שלפנינו,
863.292,863.612,חיבר,
863.632,863.772,אפוא,
863.792,864.432,סופוקלס,
864.572,864.852,שתי,1
864.953,865.313,תמות,1
865.413,865.713,שאינן,
865.753,866.253,מתיישבות,
866.293,866.373,זו,
866.393,866.493,עם,
866.593,866.773,"זו,",
867.333,867.713,גדולת,
867.773,868.233,האלים,
868.513,868.973,וגדולת,
869.013,869.453,"האדם,",
869.974,870.454,והחיבור,
870.494,871.054,ביניהן,
871.214,871.314,הוא,
871.354,871.774,טרגי,
871.834,872.214,באופן,
872.274,872.534,בלתי,
872.574,872.954,"נמנע,",
873.434,873.694,שכן,
873.754,874.094,גדולת,
874.154,874.414,האלים,
874.454,874.915,מודגשת,
874.955,875.335,דווקא,
875.395,875.515,מול,
875.595,876.135,תבוסת,
876.175,876.575,האדם.,
877.255,877.756,האל,
877.837,878.117,גדול,
878.178,878.659,בחוקיו,
878.739,879.2,ובהיותו,1
879.261,879.682,נצחי,
879.722,879.822,הוא,
879.862,880.063,אינו,
880.103,880.684,"מזדקן,",
881.005,881.346,ואילו,
881.406,881.868,האדם,
882.309,882.911,מזדקן,
883.071,883.472,ומת,1
884.225,884.845,להבדיל,
884.885,885.405,מהאלים,
885.485,885.846,קיומו,
885.906,886.226,מוגבל,
886.266,886.726,בזמן.,
887.226,887.666,אדיפוס,
887.746,888.146,מסמל,
888.187,888.267,את,
888.347,888.487,כל,
888.527,888.967,ההישגים,
889.007,889.607,"האנושיים,",
890.207,890.547,גדלות,
890.627,891.108,שהושגה,
891.168,891.668,בעמל,
891.828,892.008,אך,
892.068,892.448,מוגבלת,
892.508,892.988,"בזמן,",
893.408,893.649,שלא,
893.709,893.969,כמו,
894.269,894.909,התפארת,
894.949,895.449,האלוהית,
895.509,896.029,הנצחית.,
896.61,897.17,הטרגדיה,
897.21,897.31,של,
897.37,898.03,סופוקלס,
898.11,898.57,מפגישה,
898.61,898.891,אותנו,
898.931,899.011,עם,
899.051,899.451,האישור,
899.511,899.851,הנורא,
900.291,900.371,כי,
900.411,900.831,עמדתו,
900.891,901.011,של,
901.031,901.352,האדם,
901.372,901.832,ביקום,
901.892,901.992,היא,
902.012,902.532,"נחותה,",
902.972,903.112,אך,
903.192,903.312,בה,1
903.372,903.712,בעת,
903.732,903.792,עם,
903.872,904.153,ראייה,1
904.213,904.593,הירואית,
904.633,904.773,של,
904.793,905.173,ניצחון,
905.233,905.593,האדם,
905.653,905.973,למרות,
905.993,906.493,המפלה,
906.573,906.714,שהיא,
906.754,906.994,מנת,
907.054,907.374,חלקו.,
907.934,908.414,האדם,
908.474,908.674,אינו,
908.734,908.974,שווה,
909.014,909.475,"לאלים,",
909.995,910.215,אבל,
910.255,910.595,האדם,
910.655,911.335,"בגדלותו,",
911.595,911.755,כמו,
911.815,912.396,"אדיפוס,",
912.756,913.116,מסוגל,
913.156,913.516,לחוות,1
913.536,913.816,דבר,
913.896,914.416,שהאלים,
914.496,914.757,אינם,
914.797,915.237,מסוגלים,
915.277,915.817,לחוותו.,
916.737,917.057,דווקא,
917.097,917.638,התבוסה,
917.718,918.098,הבלתי,
918.118,918.478,נמנעת,
918.538,918.678,של,
918.738,918.898,בן,
918.938,919.478,האנוש,
919.758,920.239,מזמנת,
920.299,920.659,אפשרות,
920.719,921.219,לגבורה,
921.339,921.739,אנושית,
921.819,922.239,"טהורה,",
922.659,922.819,כפי,
922.879,923.2,שמעיד,
923.28,923.66,סיפורו,
923.7,923.82,של,
923.9,924.44,"אדיפוס,",
924.8,925.36,הרואיות,
925.42,925.841,שהאלים,
925.881,926.301,לעולם,
926.401,926.601,אינם,
926.661,927.001,יכולים,
927.021,927.421,לזכות,
927.481,927.561,"בה,",
928.121,928.402,שהרי,
928.442,929.062,מלכתחילה,
929.282,929.642,מצב,
929.662,929.942,הקיום,
930.022,930.482,שלהם,
930.802,930.902,הוא,
930.922,931.403,ניצחון,1
931.463,931.803,נצחי.,
932.588,933.028,בסוף,
933.068,933.389,העימות,
933.449,933.849,"ביניהם,",
933.949,934.409,תרזיאס,
934.449,934.87,"מנבא,",
934.99,935.53,"כאמור,",
935.85,935.99,את,
936.01,936.411,הגורל,
936.471,936.891,הצפוי,
936.911,937.671,לאדיפוס.,
938.012,938.212,אבל,
938.332,938.592,שעה,1
938.692,939.333,שההקבלה,
939.413,940.053,"הניגודית,",
940.553,940.954,ראייה,
941.034,941.674,"ועיוורון,",
941.914,942.154,כוח,
942.214,942.775,"וחולשה,",
943.195,943.495,גלויה,
943.535,944.356,"לתרזיאס,",
944.736,944.816,היא,
944.856,945.196,עדיין,
945.236,945.857,נעלמת,
946.017,946.337,מעיני,
946.437,946.778,פוס.,1
950.82,951.221,מוטיב,
951.281,951.821,העיוורון,
953.227,953.807,נבדוק,
953.967,954.227,מדוע,
954.327,954.827,אדיפוס,
954.887,955.288,מדגיש,
955.328,955.428,את,
955.448,955.828,עיוורונו,
955.888,955.988,של,
956.068,956.648,תרזיאס,
956.708,957.428,בתארו,1
,,אותו,
957.488,957.628,בין,
957.648,958.068,השאר,
958.469,959.009,כחוזה,
959.089,959.689,וכרואה.,1
960.469,960.929,אדיפוס,
961.009,961.409,בהכללה,
961.489,962.01,גורפת,
962.29,962.61,מכיל,
962.63,962.73,את,
962.77,963.21,העיוורון,
963.27,963.41,גם,
963.43,963.51,על,
963.61,963.81,חוש,
963.83,964.31,השמע,1
964.75,965.111,ואפילו,
965.151,965.211,על,
965.271,965.671,בינתו,
965.731,965.871,של,
965.891,966.271,הנביא.,
966.931,967.311,עיוור,
967.371,968.111,"בשכלך,",
968.291,968.832,אוזנך,
968.892,969.412,ועינך.,
970.152,970.432,אם,
970.492,970.572,כי,
970.652,970.772,הוא,
970.812,971.153,עצמו,
971.233,971.553,בעימות,
971.593,971.753,שלו,
971.813,971.873,עם,
971.933,972.534,תרזיאס,
972.594,972.894,אינו,
973.254,973.714,שומע,
973.895,974.275,ואינו,
974.435,974.895,מבין,
975.215,975.336,את,
975.356,975.976,התנהגותו,
975.996,976.516,הרגזנית,
976.576,976.697,ואת,
976.717,976.977,דבריו,
977.037,977.437,הבוטים,
977.497,977.617,של,
977.637,978.057,הנביא.,
978.898,979.278,אוזניו,
979.378,979.639,היו,
979.759,980.299,חסומות,
980.379,980.719,באופן,
980.759,981.039,מקביל,
981.08,981.56,לעיניו,
981.6,982.1,האששות,1
982.14,982.26,של,
982.28,982.741,"הנביא,",
983.141,983.581,ובהיותו,
983.661,983.921,מנוע,
984.022,984.442,מלשמוע,
984.482,984.602,את,
984.622,985.042,"האמת,",
985.342,985.843,אדיפוס,
985.923,986.263,כמוהו,
986.303,986.763,כחרש.,
987.584,988.165,אדיפוס,
988.225,988.565,מאשים,
988.605,988.905,אפוא,1
,,את,
988.926,989.386,תרזיאס,
989.446,990.027,באטימות,
990.107,990.467,בעיוורון,
990.587,990.928,חושים,
991.028,991.408,ובינה.,1
992.069,992.49,מכיוון,
992.53,992.99,שבסיום,
993.03,993.551,המחזה,
993.571,993.891,יבחר,
993.971,994.432,אדיפוס,
994.472,994.852,לעוור,1
994.872,994.972,את,
995.012,995.393,"עצמו,",
995.913,996.354,חשוב,
996.414,996.834,האופן,
996.894,997.095,שבו,
997.115,997.695,סופוקלס,
997.735,998.136,מאפיין,
998.156,998.236,את,
998.276,998.656,יחסו,
998.717,998.837,של,
998.897,999.417,"אדיפוס,",
999.638,999.958,בעידנא,1
,,"דריתחא,",
1001.079,1001.48,לבעל,
1001.52,1001.82,המום,
1001.88,1002.441,שלפניו.,
1003.514,1003.934,תרזיאס,1
,,אינו,
1004.294,1004.575,נשאר,
1004.675,1005.095,חייו.,
1005.935,1006.356,נזפת,1
1006.456,1006.536,בי,
1006.556,1006.656,על,
1006.696,1007.216,"עוורוני,",
1007.376,1007.496,אם,
1007.576,1007.977,"כך,",
1007.997,1008.377,הקשב.,
1008.917,1009.097,גם,
1009.157,1009.257,אם,
1009.337,1009.718,"רואה,",
1010.118,1010.538,אינך,
1010.618,1010.878,רואה,
1010.898,1010.978,את,
1010.998,1011.479,אסונך.,
1012.119,1012.479,כעת,
1012.519,1012.699,אתה,
1012.739,1013.06,"רואה,",
1013.44,1013.6,אך,
1013.68,1013.94,אז,
1014.04,1014.44,תראה,
1014.56,1014.721,רק,
1014.821,1015.321,שחור.,
1016.221,1016.342,הוא,
1016.382,1016.682,נוקט,
1016.722,1017.282,אסטרטגיה,
1017.362,1017.662,שונה,
1017.722,1018.063,מכיוון,
1018.123,1018.483,שהיריב,
1018.523,1018.903,הניצב,
1019.023,1019.223,מולו,
1019.243,1019.323,הוא,
1019.403,1019.984,פיקח,
1020.064,1020.244,בעל,
1020.284,1020.704,ראייה.,
1021.264,1021.945,הציוריות,1
1022.045,1022.185,שהוא,
1022.245,1022.565,בונה,
1022.625,1022.725,היא,
1022.745,1023.226,הפוכה.,
1023.746,1024.166,אדיפוס,
1024.246,1024.426,כבר,
1024.466,1024.847,עיוור,
1024.907,1025.247,בלשון,
1025.307,1025.827,"השאלה,",
1026.307,1026.568,ויום,
1026.628,1026.928,יבוא,
1026.988,1027.188,ויהיה,
1027.248,1027.588,עיוור,
1027.648,1027.968,פשוטו,
1028.008,1028.469,כמשמעו.,
1029.029,1029.67,תרזיס,
1029.73,1030.03,בוחר,
1030.07,1030.45,להחזיר,
1030.47,1030.55,את,
1030.57,1031.211,הוויכוח,
1031.251,1031.731,למישור,
1031.751,1032.132,התבונה.,
1032.893,1033.433,לדעתך,
1033.553,1033.673,אני,
1033.733,1034.114,"שוטה,",
1034.694,1034.874,אבל,
1034.934,1035.395,הוריך,
1035.575,1035.815,אשר,
1035.895,1036.196,ילדו,
1036.216,1036.496,אותך,
1036.656,1036.996,חשבו,
1037.036,1037.236,אותי,
1037.277,1037.677,נבון.,
1038.578,1038.898,בזאת,
1038.958,1039.058,הוא,
1039.118,1039.398,פוגע,
1039.458,1039.959,בנקודת,
1039.979,1040.439,התורפה,
1040.539,1040.68,של,
1040.76,1041.34,"אדיפוס,",
1041.761,1042.161,חידת,
1042.261,1042.701,עברו,
1042.761,1043.242,וזהותו.,
1044.757,1045.218,לדעת,
1045.318,1045.698,אוליבר,
1045.798,1046.279,"טאפלין,",
1046.599,1047,התמות,1
1047.02,1047.62,המרכזיות,
1047.7,1047.82,של,
1047.881,1048.321,"ראייה,",
1048.421,1048.942,"ובורות,",1
1049.262,1049.683,עיוורון,
1049.723,1050.243,ותבונה,
1050.644,1051.244,מתבססות,
1051.284,1051.725,לראשונה,
1051.785,1052.085,במלוא,
1052.145,1052.566,עוצמתן,1
1052.606,1053.086,במעמד,
1053.106,1053.307,הזה,
1053.387,1053.527,של,
1053.567,1053.887,המלך,
1053.927,1054.448,והנביא.,
1055.289,1055.85,סופוקלס,
1055.91,1056.27,משכיל,
1056.29,1056.61,להציג,
1056.631,1057.031,עיוורון,
1057.071,1057.391,בצורה,
1057.491,1057.992,חזותית,
1058.012,1058.613,תיאטרלית,
1059.013,1059.294,כגון,
1059.354,1059.734,התלות,
1059.794,1059.934,של,
1059.954,1060.415,העיוור,
1060.475,1060.915,בזולת,
1061.196,1061.576,שינחה,
1061.596,1061.876,אותו,
1061.957,1062.317,ויראה,
1062.357,1062.677,עבורו.,
1063.336,1064.056,תרזיאס,
1064.096,1064.337,עולה,
1064.357,1064.437,על,
1064.457,1064.877,הבמה,
1064.897,1065.377,כשילד,
1065.457,1065.657,מוליך,
1065.758,1065.998,אותו.,
1066.378,1066.478,הוא,
1066.518,1066.798,קושר,
1066.838,1067.058,איפוא,1
1067.098,1067.479,יחד,
1067.599,1067.879,מגע,
1067.919,1068.439,גופני,
1068.499,1068.619,עם,
1068.659,1069.2,הזולת,
1069.44,1069.96,וראייה.,
1070.641,1070.981,בסוף,
1071.001,1071.561,"המחזה,",
1071.661,1071.981,כאשר,
1072.041,1072.382,בנותיו,
1072.422,1072.562,של,
1072.622,1073.022,אדיפוס,
1073.042,1073.262,עולות,
1073.302,1073.703,"לבמה,",
1074.223,1074.583,פורץ,
1074.703,1075.143,אדיפוס,
1075.203,1075.584,בבכי,
1075.644,1075.904,מר,
1076.324,1076.464,והוא,
1076.504,1076.885,מאפשר,
1076.925,1077.305,לקהל,
1077.365,1077.705,לשמוע,
1077.745,1077.825,את,
1077.865,1078.265,בכיו,
1078.305,1079.006,במו,1
,,אוזניו,
1079.946,1080.047,הוא,
1080.087,1080.447,עצמו,
1080.507,1080.767,מעיד,
1080.807,1080.867,על,
1080.927,1081.307,"בכיו,",
1081.788,1081.968,אני,
1082.008,1082.268,בוכה,
1082.348,1082.408,על,
1082.468,1083.048,"גורלכן,",
1083.469,1083.929,ובכיו,
1084.029,1084.149,כה,
1084.249,1084.489,עז,
1084.509,1084.569,עד,
1084.629,1085.09,שקריאון,
1085.11,1085.55,מהסה,1
1085.59,1085.87,"אותו,",
1086.35,1086.771,שפכת,
1086.911,1087.191,כבר,
1087.211,1087.571,דמעות,
1087.671,1087.871,די,
1087.911,1088.452,"והותר,",
1088.572,1088.992,כעת,
1089.332,1089.613,צעד,
1089.653,1089.753,אל,
1089.813,1090.253,הבית.,
1091.483,1091.844,עבור,
1091.924,1092.484,אדיפוס,
1092.625,1092.865,צליל,
1092.885,1093.326,הכאב,
1093.366,1093.426,הוא,
1093.466,1093.606,גם,
1093.646,1094.207,הידיעה,
1094.627,1094.908,שיש,
1095.008,1095.288,מעט,
1095.389,1095.709,נוחם,
1095.749,1096.15,בעולם,
1096.27,1096.67,חשוך,
1096.73,1097.211,שסגר,
1097.251,1097.592,"עליו,",
1098.072,1098.313,שהרי,
1098.353,1098.733,העולם,
1098.793,1099.014,אינו,
1099.054,1099.334,אטום,
1099.374,1099.895,לקולות.,
1100.476,1100.776,אפילו,
1100.816,1100.916,מי,
1100.976,1101.417,שניטל,
1101.477,1101.758,ממנו,
1101.818,1102.058,מאור,
1102.098,1102.539,עיניו,
1102.719,1103.019,כגון,
1103.139,1103.44,צופה,
1103.48,1103.901,עיוור,
1104.321,1104.602,יכול,
1104.622,1105.102,לבכות,
1105.263,1105.743,למשמע,
1105.803,1106.164,דבריו.,
1107.194,1107.834,באמצעות,
1107.854,1108.295,השימוש,
1108.375,1108.795,בדימויים,
1108.815,1109.255,לשוניים,
1109.275,1109.976,"וחזותיים,",
1110.336,1110.976,המבוססים,
1111.016,1111.436,בעיקר,
1111.496,1111.577,על,
1111.617,1111.997,ראייה,
1112.157,1112.297,מול,
1112.357,1112.857,"עיוורון,",
1113.237,1113.658,ידיעה,
1113.738,1114.358,"והיעדרה,",
1114.778,1114.938,ועל,
1115.038,1115.279,שורה,
1115.359,1115.479,של,
1115.519,1115.939,ניגודים,
1115.979,1116.459,והיפוכים,
1116.499,1117.02,נוספים,
1117.08,1117.24,שעל,
1117.28,1117.72,מקצתם,
1117.78,1118.24,הצבענו,
1118.28,1118.5,ועוד,
1118.52,1118.881,נצביע,
1118.941,1119.301,במהלך,
1119.321,1119.861,"הדיון,",
1120.261,1120.562,נוצר,
1120.642,1120.902,ניגוד,
1120.962,1121.462,מובהק,
1121.502,1122.002,ועקבי,
1122.163,1122.363,בין,
1122.443,1122.943,הופעה,
1123.203,1123.824,ומציאות.,
1124.324,1124.824,"אדיפוס,",
1124.904,1125.304,שניחן,
1125.404,1125.765,בראייה,
1125.885,1126.325,"פיזית,",
1126.385,1126.445,הוא,
1126.485,1126.785,עיוור,
1126.825,1127.285,לאמת,
1127.326,1127.386,על,
1127.426,1127.826,"עצמו,",
1128.246,1128.446,והוא,
1128.506,1128.846,עוקר,
1128.886,1128.926,את,
1129.067,1129.347,עיניו,
1129.467,1129.667,כשהוא,
1129.687,1129.947,לומד,
1129.967,1130.247,לדעת,
1130.387,1130.627,זאת.,
1131.228,1131.788,תרזיאס,
1131.828,1132.208,העיוור,
1132.288,1132.669,מבחינה,
1132.769,1133.149,פיזית,
1133.449,1133.649,הוא,
1133.709,1134.129,הרואה,
1134.189,1134.59,האמיתי.,
1135.19,1135.55,"הוי,",
1135.69,1135.93,"הוי,",
1135.99,1136.291,זועק,
1136.351,1136.871,"אדיפוס,",
1137.291,1137.631,הנה,
1137.651,1137.931,הכל,
1138.011,1138.532,נחשף,
1138.632,1139.392,והתאמת.,
1140.052,1140.412,לרגע,
1140.452,1140.953,הידיעה,
1141.033,1141.693,והזיהוי,1
1141.993,1142.413,נלווית,
1142.493,1142.874,תחושה,
1142.974,1143.334,חזקה,
1143.454,1143.614,של,
1143.654,1144.374,"הכרחיות,",
1144.674,1144.835,של,
1144.915,1145.235,בלתי,
1145.275,1145.855,נמנעות.,
1146.395,1146.916,המציאות,
1146.956,1147.576,המתקבלת,
1147.676,1147.776,היא,
1147.816,1148.356,כבחלום,
1148.396,1148.896,"בלהות,",
1149.277,1149.497,שבו,
1149.577,1149.717,כל,
1149.777,1149.837,מה,
1149.897,1150.277,שעושים,
1150.317,1150.857,ורואים,
1151.078,1151.158,הוא,
1151.178,1151.638,למעשה,
1151.678,1152.278,היפוכו.,
1152.818,1153.259,האמת,
1153.359,1153.599,אינה,
1153.639,1154.179,במציאות,
1154.219,1154.519,הנראית,
1154.579,1154.999,"לעין,",
1155.079,1155.3,שבה,
1155.36,1155.48,כל,
1155.54,1155.78,דבר,
1155.84,1156.3,מתהפך,
1156.34,1156.96,"לניגודו,",
1157.3,1157.561,משום,
1157.621,1158.141,שהמציאות,
1158.181,1158.581,עצמה,
1158.901,1159.161,אינה,
1159.241,1159.421,אלא,
1159.462,1159.882,אשליה.,
1160.502,1160.983,תפיסה,
1161.083,1161.304,דומה,
1161.384,1161.484,של,
1161.545,1162.006,המציאות,
1162.066,1162.607,מתגלגלת,
1162.667,1163.088,בתולדות,
1163.108,1163.449,הדרמה,
1163.509,1164.211,"והתיאטרון,",
1164.552,1164.692,כפי,
1164.752,1165.073,שנראה,
1165.113,1165.654,"בהמשך,",
1165.955,1166.316,למשל,
1166.376,1167.098,במחזותיהם,
1167.138,1167.258,של,
1167.379,1167.9,שייקספיר,
1168.12,1168.762,ופירנדלו.,
