start,end,word
2.624,3.104,נושאים
3.164,3.785,נבחרים
3.845,4.465,בכלכלת
4.545,4.886,מוצרי
4.926,5.266,מידע.
6.327,6.607,פרק
,,3
8.028,8.408,גישות
8.488,9.049,לניתוח
9.189,9.489,עלות
9.609,10.09,תועלת
10.31,10.43,של
10.49,10.91,מערכות
10.99,13.392,מידע.
,,3.1.
14.993,15.333,מבוא.
16.254,16.634,בפרק
,,"2,"
17.295,17.775,מאפייני
17.815,18.216,צריכה
18.296,18.376,של
18.436,18.716,מוצרי
18.756,19.096,"מידע,"
19.677,20.117,הסברנו
20.217,20.778,שמערכות
20.858,21.098,מידע
21.238,21.658,חיוניות
21.718,22.299,לארגונים
22.679,22.759,כי
22.779,22.839,הן
22.879,23.359,מאפשרות
23.419,23.58,להם
23.62,23.96,להציע
23.98,24.74,ללקוחותיהם
24.801,25.181,מוצרים
25.241,25.781,"אישיים,"
26.222,26.702,להשתלב
26.742,27.262,בכלכלת
27.362,27.903,"חוויות,"
28.143,28.543,להשיג
28.603,28.884,קשב
28.964,29.664,אפקטיבי
29.924,30.225,ועוד.
30.805,31.666,למערכות
31.706,32.126,המידע
32.266,32.406,יש
32.466,32.726,אפוא
32.786,33.167,חשיבות
33.207,33.947,"אסטרטגית,"
34.488,34.788,לכן
34.828,35.288,לכאורה
35.468,35.749,חייב
35.909,36.069,כל
36.129,36.469,ארגון
36.529,36.95,להשקיע
37.03,37.31,"בהן,"
37.71,38.17,אפילו
38.23,38.311,אם
38.411,38.531,אין
38.551,38.711,לך
38.811,39.251,הצדקה
39.331,39.752,כלכלית
39.812,40.272,"מוצקה,"
40.752,41.153,אחרת
41.173,41.233,הוא
41.273,41.333,לא
41.373,41.893,ישרוד.
42.674,42.814,אם
42.874,43.074,"זאת,"
43.094,43.494,ההשקעה
43.554,44.035,במערכות
44.115,44.395,מידע
44.435,44.715,אמורה
44.775,45.176,בסופו
45.216,45.316,של
45.356,45.636,דבר
45.716,46.196,להשתלם
46.256,46.717,לארגון.
47.157,47.617,את
47.637,47.997,הלקח
48.017,48.237,הזה
48.297,48.517,למדו
48.557,48.918,היטב
49.058,49.238,כל
49.338,49.718,חברות
49.778,50.038,הדוט
50.138,50.398,קום
50.778,51.278,שפעלו
51.358,51.498,בלי
51.558,51.879,תוכנית
51.899,52.199,עסקית
52.259,52.619,ברורה
53.079,53.359,ובלי
53.439,53.639,שיהיה
53.679,53.819,להם
53.859,54.259,מושג
54.359,54.719,כיצד
54.759,55.12,יחזירו
55.14,55.56,לעצמן
55.58,55.7,את
55.72,56.24,ההשקעות
56.32,57,וירוויחו.
57.64,57.9,לכן
58.001,58.321,חשוב
58.361,58.541,מאוד
58.581,58.901,לערוך
59.041,59.321,ניתוח
59.501,59.701,עלות
59.781,60.141,תועלת
60.181,60.301,של
60.341,60.681,השקעה
60.721,61.202,במערכות
61.282,61.542,מידע
62.002,62.122,על
62.162,62.342,אף
62.402,62.862,הקושי
62.882,63.262,לעשות
63.322,63.502,"זאת,"
63.882,64.223,שעליו
64.283,64.543,נעמוד
64.583,65.103,בהמשך.
65.703,66.284,ניתוח
66.364,66.824,כדאיות
66.864,67.265,ההשקעה
67.325,67.825,במערכות
67.906,68.206,מידע
68.666,69.007,חשוב
69.067,69.347,לכל
69.387,69.768,ארגון
69.808,70.188,שצריך
70.228,70.569,לקבל
70.609,71.049,החלטות
71.109,71.49,בנוגע
71.53,72.01,להשקעה
72.07,72.591,במערכת
72.631,72.911,מידע
73.292,73.852,המיועדת
73.912,74.313,לתמוך
74.413,74.994,בפעילותו
75.034,75.695,השוטפת
76.295,76.896,המשתמשים
76.916,77.457,במערכת
77.517,77.857,כזאת
77.937,78.318,יכולים
78.358,78.558,להיות
78.598,78.898,עובדי
78.918,79.479,הארגון
79.839,79.999,או
80.08,80.44,גורמים
80.46,81.101,בסביבתו
81.181,81.421,כמו
81.561,82.102,"לקוחות,"
82.322,82.863,ספקים
83.203,83.724,ושותפים
83.764,84.184,עסקיים.
84.923,85.423,ניתוח
85.504,85.704,כזה
85.804,86.284,חשוב
86.364,86.524,גם
86.584,87.125,לארגונים
87.205,87.906,"שהמוצר,"
88.026,88.566,השירות
88.626,88.806,או
88.906,89.307,החוויה
89.407,89.527,שהם
89.567,89.887,מציעים
89.927,90.548,ללקוחות
90.988,91.349,כרוכים
91.369,91.809,בהשקעה
91.869,92.389,מיוחדת
92.47,93.01,במערכות
93.09,93.45,"מידע,"
94.011,94.591,ובמיוחד
94.611,94.711,הוא
94.771,95.152,חיוני
95.192,95.632,לארגונים
95.672,96.053,המציעים
96.093,96.793,ללקוחותיהם
96.853,97.234,מוצרי
97.294,97.634,מידע
98.074,98.515,מכיוון
98.575,99.135,שמערכות
99.215,99.596,מידע
99.716,99.876,הן
99.976,100.176,תנאי
100.216,100.797,הכרחי
101.157,101.717,לפיתוח
101.798,102.178,מוצרים
102.278,102.698,כאלה
102.878,103.579,"לשיווקם,"
103.919,104.6,להתאמתם
104.66,105.16,ללקוח
105.501,105.641,או
105.681,106.341,לצריכתם.
106.962,107.703,המאפיינים
107.743,108.284,הייחודיים
108.344,108.444,של
108.524,108.964,מערכות
109.064,109.405,מידע
109.565,109.965,מקשים
109.985,110.126,על
110.146,110.526,בחינת
110.606,111.047,כדאיות
111.107,111.627,ההשקעה
111.667,111.948,בהן
112.348,112.689,מצד
112.749,113.329,הערכת
113.369,113.99,התועלות
114.09,114.511,ומצד
114.571,115.031,הערכת
115.071,115.652,העלויות
115.792,116.313,כאחד.
117.074,117.414,הפרק
117.454,118.015,הנוכחי
118.335,118.635,מציג
118.675,119.336,ומנתח
119.416,119.777,גישות
119.857,120.297,קיימות
120.377,121.058,מסורתיות
121.258,121.639,וגישות
121.719,122.32,חדשניות
122.38,122.7,בתחום
122.78,123,"זה,"
123.541,123.962,ומדגים
123.982,124.082,את
124.122,124.582,ההיבטים
124.642,125.203,המעשיים
125.223,125.724,הכרוכים
125.764,126.304,ביישומן.
126.925,127.485,בסעיף
,,3.2
129.086,129.467,נעסוק
129.567,130.167,במושגים
130.247,130.567,תועלת
130.688,131.008,מידע
131.268,131.728,וערך
131.788,132.068,מידע.
132.729,133.069,בסעיף
,,3.3
133.409,134.83,נציג
134.85,134.93,את
134.99,135.331,גישת
135.351,135.851,האופציות
135.891,136.451,הריאליות
136.511,136.952,להערכת
136.992,137.532,השקעות
137.952,138.433,ונדגיש
138.453,138.553,את
138.633,139.273,חשיבותה
139.333,139.714,כגישה
139.794,140.274,ניהולית
140.614,141.315,המעניקה
141.335,141.835,לארגונים
141.975,142.415,גמישות
142.595,142.996,בביצוע
143.036,143.456,פעולות
143.516,144.076,המגדילות
144.096,144.197,את
144.217,144.497,ערכה
144.637,144.737,של
144.757,145.217,השקעה
145.637,145.758,או
145.858,146.418,מצמצמות
146.458,147.018,"הפסדים,"
147.439,147.539,על
147.619,147.739,פי
147.779,148.299,הנסיבות
148.319,148.88,המשתנות.
149.42,149.92,סעיף
,,3.4
151.241,151.721,יטפל
151.781,152.282,בעלויות
152.342,152.442,של
152.502,152.942,מערכות
153.022,153.342,מידע
153.802,154.363,והתמקד
154.423,154.923,בסוגים
154.983,155.103,של
155.123,155.483,עלויות
155.563,156.104,מהותיות
156.184,156.624,שאינן
156.664,156.864,באות
156.924,157.164,לידי
157.224,157.544,ביטוי
157.584,158.225,בתחשיבים.
159.045,159.726,בסעיף
,,3.5
160.706,160.966,נציג
161.026,161.366,גישה
161.427,161.867,מעשית
161.967,162.467,להערכת
162.547,162.827,העלות
162.887,163.468,והתועלת
163.548,163.668,של
163.688,164.248,השקעות
164.588,165.249,במערכות
165.329,166.189,ובטכנולוגיות
166.269,170.151,מידע.
,,3.2
171.712,172.252,התועלת
172.312,172.413,של
172.473,172.873,מערכות
172.953,173.293,"מידע,"
173.813,174.053,ערך
174.173,174.434,מידע
174.534,175.054,ומדידתו
176.437,176.857,ניתוח
176.917,177.398,השקעה
177.478,177.978,במערכות
178.038,178.379,מידע
178.619,178.939,שונה
178.999,179.299,מניתוח
179.38,179.76,השקעות
179.8,180.28,אחרות
180.761,181.121,מכיוון
181.181,181.782,שהתפוקה
181.842,181.942,של
181.982,182.382,מערכות
182.462,182.782,מידע
183.143,183.263,היא
183.303,183.623,מידע.
184.484,184.844,להבדיל
184.884,185.365,ממוצרים
185.405,185.945,ומשירותים
185.965,186.466,"אחרים,"
186.846,187.126,כמות
187.166,187.587,המידע
187.727,188.007,אינה
188.067,188.507,מלמדת
188.527,188.627,על
188.647,189.108,ערכו.
189.688,190.029,בפרק
,,"2,"
190.649,192.631,סעיף
,,"2.2.2,"
193.091,193.351,ראינו
193.431,193.932,שההנחות
193.972,194.432,היסוד
194.472,194.592,של
194.673,195.133,כלכלת
195.213,195.473,"שוק,"
195.733,196.134,"מניעה,"
196.274,196.674,יריבות
196.734,197.255,ושקיפות
197.715,197.975,אינן
198.035,198.496,מתקיימות
198.536,198.976,במלואן
199.076,199.457,לגבי
199.497,199.837,מוצרי
199.877,200.217,מידע
200.678,201.118,והדבר
201.198,201.578,משפיע
201.618,201.679,על
201.699,202.199,הנכונות
202.239,202.639,לשלם
202.679,203.12,בעבורם.
203.42,204.061,לעובדה
204.181,204.381,זו
204.441,204.561,יש
204.641,205.022,כמובן
205.042,205.502,השלכות
205.542,205.622,על
205.642,206.063,התועלת
206.143,206.623,הצפויה
206.703,207.184,מהשקעה
207.224,207.784,במערכת
207.844,208.165,מידע
208.565,209.065,המיועדת
209.125,209.586,לתמוך
209.646,210.086,במוצר
210.166,210.467,מידע.
211.167,211.328,זאת
211.388,211.748,"ועוד,"
212.188,212.669,ארגונים
212.729,213.029,רבים
213.069,213.41,מקימים
213.45,213.63,היום
213.67,214.11,מערכות
214.19,214.511,מידע
214.651,215.051,שאינן
215.091,215.532,מיועדות
215.632,215.832,אך
215.892,216.132,ורק
216.172,216.593,לשימוש
216.673,217.033,פנימי
217.073,217.413,בתוך
217.493,217.934,"הארגון,"
218.434,218.574,אלא
218.655,218.835,גם
218.855,219.395,לסייע
219.455,220.236,ללקוחותיהם
220.276,220.817,בתהליכי
220.877,221.197,קבלת
221.217,221.777,"החלטות,"
222.218,222.638,ולעיתים
222.698,223.219,הלקוחות
223.259,223.499,אינם
223.519,223.92,משלמים
223.96,224.4,ישירות
224.46,224.64,בעד
224.66,225.081,השימוש
225.161,225.701,במערכות
225.781,225.981,אלה.
226.522,226.782,כמו
226.882,227.122,"כן,"
227.182,227.322,יש
227.402,227.902,מערכות
228.002,228.862,"בין-ארגוניות,"
,,"IOS,"
230.103,230.763,המשותפות
230.823,231.183,לכמה
231.243,231.783,"ארגונים,"
232.203,232.363,ולא
232.423,232.603,תמיד
232.683,233.043,ברור
233.143,233.323,איך
233.363,233.883,התועלות
233.963,234.483,והעלויות
234.583,235.064,מתחלקות
235.104,235.524,ביניהם.
236.224,236.504,מכל
236.544,236.904,הסיבות
236.964,237.404,"האלה,"
237.784,238.304,הערכת
238.384,239.204,העלות
,,תועלת
239.264,239.364,של
239.404,239.824,השקעה
239.884,240.425,במערכות
240.505,240.805,מידע
241.005,241.465,מורכבת
241.545,241.945,וקשה
242.005,242.365,יותר
242.765,243.085,מזו
243.125,243.225,של
243.265,243.685,השקעות
243.765,244.205,במוצרים
244.245,244.725,אחרים.
245.645,246.086,הדוגמה
246.106,246.466,העיקרית
246.506,246.926,שתלווה
246.946,247.286,אותנו
247.326,247.766,במהלך
247.786,248.246,הפרק
248.606,248.706,היא
248.746,249.146,ניתוח
249.206,249.866,עלות
,,תועלת
249.926,250.026,של
250.066,250.486,השקעה
250.566,251.026,בהוספת
251.086,251.527,יישומים
251.567,251.907,לאתר
251.967,252.467,אינטרנט
252.527,252.647,של
252.707,252.907,בנק
252.947,253.387,ישראלי.
253.927,254.488,לבנקים
254.568,254.788,רבים
254.828,255.408,בישראל
255.529,255.689,יש
255.709,256.029,אתרי
256.089,256.65,אינטרנט
257.03,257.571,המאפשרים
257.611,257.991,לציבור
258.011,258.511,הלקוחות
258.571,258.932,לקבל
258.992,259.232,מידע
259.292,259.693,אישי
260.053,260.573,ולבצע
260.674,260.954,פעולות
260.994,261.534,מסוימות
261.594,261.895,כגון
261.995,262.415,השקעות
262.455,262.916,בניירות
263.016,263.436,ערך.
264.037,264.397,הבנק
264.417,264.637,יכול
264.677,265.158,להרחיב
265.198,265.318,את
265.338,265.618,היצע
265.638,266.059,הפעולות
266.099,266.419,האלה.
266.9,267.48,האינטרנט
267.6,267.881,פותח
268.021,268.281,לבנק
268.381,269.002,הזדמנויות
269.162,269.522,לשתף
269.682,269.922,פעולה
269.963,270.043,עם
270.083,270.443,עסקים
270.463,270.964,"אחרים,"
271.444,271.864,להציע
271.984,272.325,מוצרי
272.385,272.605,מידע
272.725,273.226,"חדשים,"
273.626,273.746,או
273.786,274.207,להתאים
274.247,274.567,באופן
274.587,274.867,אישי
274.927,275.228,מוצרי
275.288,275.508,מידע
275.628,276.028,קיימים
276.169,276.669,ללקוחות
276.689,277.17,הגולשים.
277.67,278.15,את
278.23,278.531,מוצרי
278.591,278.971,המידע
279.031,279.391,שהבנק
279.471,279.712,מציע
279.732,280.512,ללקוחותיו
280.892,280.993,הוא
281.033,281.293,יכול
281.313,281.753,לרכוש
281.833,282.233,ממקורות
282.253,282.714,אחרים.
283.214,283.695,"לדוגמה,"
283.935,284.295,נניח
284.375,284.815,שלקוח
284.895,285.256,מעוניין
285.296,285.756,במנייה
285.796,286.437,מסוימת
286.557,286.917,בבורסה
287.037,287.157,של
287.197,287.257,ניו
287.297,287.658,יורק.
288.158,288.438,הבנק
288.538,288.879,רוכש
288.939,289.339,מחברת
289.379,289.619,ייעוץ
289.659,290.059,השקעות
290.079,290.74,אמריקנית
290.86,291.3,ניתוח
291.36,291.48,של
291.5,291.721,אותה
291.781,292.201,מנייה
292.361,292.862,ומעביר
292.922,292.982,לו.
293.482,293.742,כל
293.782,294.363,"התהליך,"
294.523,295.124,מבקשת
295.164,295.684,הלקוח
295.764,296.065,ועד
296.085,296.485,הסדרת
296.505,297.026,התשלומים
297.046,297.146,בין
297.166,297.706,"הצדדים,"
298.087,298.567,מבוצע
298.767,299.208,באופן
299.288,299.848,ממוחשב.
300.389,300.669,הבנק
300.809,301.05,יכול
301.09,301.53,להשקיע
301.61,302.051,ביישום
302.091,302.351,מסוג
302.371,302.751,"אחר,"
303.132,303.592,ולהקים
303.632,303.993,מערכת
304.033,304.493,לניתוח
304.533,304.954,נתונים
304.994,305.054,על
305.094,305.554,התנהגות
305.594,306.055,הלקוחות
306.115,306.595,"באתר,"
306.996,307.596,שתסייע
307.656,307.716,לו
307.736,308.077,לקבל
308.097,308.497,החלטות
308.557,308.998,פנימיות
309.038,309.098,על
309.178,309.698,"מוצרים,"
309.898,310.379,שירותים
310.479,310.98,ומחירים.
311.42,312.301,נפתח
312.441,312.901,בניתוח
313.001,313.181,צד
313.222,313.702,התועלות
313.742,314.222,הצפויות
314.302,314.683,מהשקעה
314.723,315.203,במערכת
315.263,315.443,מידע
315.543,316.004,חדשה
316.404,316.544,או
316.604,317.125,בהוספת
317.225,317.585,יישום
317.625,318.126,למערכת
318.146,318.706,הקיימת.
319.247,319.587,לאחר
319.647,319.967,מכן
320.027,320.367,נעסוק
320.428,320.828,בסוגים
320.888,321.208,שונים
321.268,321.388,של
321.488,321.729,ערך
321.809,322.109,מידע
322.609,323.21,ובדרכים
323.25,323.93,למדידתם.
,,3.2.1
327.774,328.154,תועלות
331.653,331.913,כדי
331.953,332.414,להחליט
332.534,332.654,אם
332.714,332.994,כדאי
333.014,333.455,להשקיע
333.515,334.055,במערכת
334.115,334.456,"מידע,"
334.636,335.016,ביישום
335.116,335.397,חדש
335.637,335.717,או
335.777,336.057,בכל
336.097,336.418,השקעה
336.518,336.918,"שהיא,"
337.379,337.539,יש
337.619,337.959,לעמוד
337.979,338.079,את
338.099,338.54,התועלות
338.58,339.04,הצפויות
339.08,339.481,ממנה
339.621,340.001,לעומת
340.041,340.462,העלויות
340.502,341.142,הנדרשות.
341.703,341.883,יש
341.983,342.143,כמה
342.223,342.544,סוגים
342.604,342.704,של
342.764,343.204,תועלות.
343.705,344.085,"ראשית,"
344.245,344.666,ממיינים
344.706,344.806,את
344.826,345.326,התועלות
345.426,345.907,לתועלות
345.987,346.708,"מוחשיות,"
,,tangible
,,"benefits,"
348.63,349.23,ולתועלות
349.43,349.55,לא
349.59,350.191,"מוחשיות,"
,,intangible
,,benefits.
352.173,352.873,התועלות
352.913,353.553,המוחשיות
353.613,354.133,מתחלקות
354.173,354.594,לתועלות
354.674,355.274,כספיות
355.434,356.014,ולתועלות
356.074,356.214,לא
356.254,356.734,"כספיות,"
357.094,357.594,והתועלות
357.674,357.954,הלא
357.994,358.455,כספיות
358.535,359.035,מתמיינות
359.095,359.255,אף
359.295,359.435,הן
359.455,359.715,לשני
359.795,360.175,"סוגים,"
360.595,360.915,כאלו
360.935,361.415,הניתנות
361.475,361.895,להמרה
361.975,362.436,למונחים
362.516,363.036,כספיים
363.516,363.956,ואלו
364.076,364.356,שלא
364.376,364.736,ניתנות
364.796,365.176,להמרה
365.236,365.676,למונחים
365.756,366.236,כספיים.
366.977,367.217,כעת
367.257,367.697,נסביר
367.937,368.177,מהם
368.237,368.437,סוגי
368.477,368.957,התועלת
368.977,369.337,הללו
369.517,369.957,ונדגים
369.977,370.097,את
370.117,370.538,הקשיים
370.558,371.038,הכרוכים
371.058,371.718,במדידתן.
372.338,373.159,"א',"
373.659,374.059,תועלות
374.159,374.8,מוחשיות
374.96,375.54,"כספיות,"
,,tangible
,,monetary
,,benefits.
378.463,378.603,הן
378.683,379.123,תועלות
379.283,379.684,שאפשר
379.724,380.024,למדוד
380.064,380.464,ישירות
380.524,381.105,בכסף
381.505,382.066,"למשל,"
382.586,382.846,גידול
382.886,383.547,במכירות
384.007,384.567,חיסכון
384.628,385.008,בעלויות
385.028,385.528,אחזקה
385.989,386.449,חיסכון
386.489,386.749,בדמי
386.809,387.23,שכירות.
387.83,388.331,בהקשר
388.391,388.491,של
388.531,388.911,יישומי
388.951,389.372,בנקאות
389.432,390.173,"באינטרנט,"
390.353,390.653,אפשר
390.673,391.054,למדוד
391.074,391.174,את
391.194,391.514,ערכן
391.554,391.955,הכספי
392.015,392.115,של
392.175,392.515,פעולות
392.575,392.695,של
392.715,393.056,לקוחות
393.116,393.536,מבצעים
393.556,394.077,"באתר,"
394.638,394.958,אולם
395.018,395.178,יש
395.198,395.679,להבחין
395.739,395.839,בין
395.899,396.239,פעולות
396.319,396.94,שאלמלא
396.96,397.401,התבצעו
397.441,397.901,באתר
398.001,398.181,היו
398.221,398.722,מתבצעות
398.762,399.403,"בסניף,"
399.723,400.164,בשיחה
400.224,400.704,טלפון
400.764,401.145,למוקד
401.225,401.565,שירות
401.645,401.805,או
401.866,402.226,בהוראה
402.286,402.807,"בכתב,"
403.347,403.627,לבין
403.708,404.088,פעולות
404.288,404.589,שלא
404.629,404.769,היו
404.809,405.389,מתבצעות
405.469,405.83,בדרך
405.87,406.25,אחרת.
406.831,407.412,"לדוגמה,"
407.512,407.912,רכישת
407.992,408.273,ניירות
408.353,408.713,ערך
409.034,409.354,יכולה
409.394,409.895,להתבצע
409.935,410.375,במגוון
410.395,410.896,"ערוצים,"
411.276,411.437,אבל
411.497,411.937,הזמינות
412.017,412.418,ונוחות
412.438,412.838,השימוש
412.898,413.539,באינטרנט
413.659,414.02,גורמות
414.06,414.6,ללקוחות
414.64,415.061,לבצע
415.101,415.682,באמצעותו
415.782,416.102,יותר
416.142,416.503,עסקות
416.523,416.923,בניירות
416.983,417.304,ערך
417.664,418.025,משהיו
418.065,418.545,מבצעים
418.585,419.106,בלעדיו.
419.546,419.947,במקרה
420.027,420.227,"זה,"
420.367,420.648,עלינו
420.688,421.128,להחשיב
421.188,421.549,באומדן
421.589,422.129,התועלת
422.47,422.69,רק
422.77,422.87,את
422.91,423.371,התועלת
423.391,423.972,המוספת.
424.212,424.912,לעומת
424.972,425.132,"זאת,"
425.212,425.612,ייתכן
425.672,426.153,שעצם
426.233,426.593,קיומו
426.633,426.793,של
426.813,427.233,האתר
427.593,428.053,מזמן
428.073,428.533,ללקוחות
428.613,428.953,מידע
429.033,429.513,המעודד
429.533,429.773,אותם
429.814,430.214,להשקיע
430.294,430.754,בניירות
430.814,431.174,"ערך,"
431.614,431.814,אבל
431.874,432.314,בבואם
432.354,432.694,לבצע
432.714,432.874,את
432.894,433.374,"ההשקעה,"
433.735,433.815,הם
433.855,434.095,עושים
434.155,434.295,זאת
434.375,434.835,בסניף
435.055,435.315,ולא
435.355,435.815,באמצעות
435.875,436.295,האתר.
436.795,437.256,התועלת
437.296,437.396,של
437.476,437.756,פעולה
437.816,438.196,כזאת
438.576,438.756,לא
438.776,439.296,תיזקף
439.336,439.796,לזכותו
439.856,439.976,של
440.076,440.496,האתר.
441.297,441.677,"א',"
,,2
442.957,443.337,תועלות
443.417,444.097,מוחשיות
444.317,444.457,לא
444.497,444.998,כספיות.
,,tangible
,,non-monetary
,,benefits.
448.058,448.599,מחולקות
448.639,449.139,לשתיים.
449.699,449.959,כאלה
450.019,450.419,שניתן
450.439,450.819,להמירן
450.879,451.319,למונחים
451.379,451.919,"כספיים,"
452.12,452.64,וכאלה
452.72,452.94,שלא
453,453.28,ניתן.
453.98,454.46,"אלף,"
454.5,454.861,"שתיים,"
454.981,455.381,אחת.
456.141,456.482,תועלות
456.582,457.202,מוחשיות
457.402,457.522,לא
457.562,458.103,כספיות
458.143,458.523,שניתן
458.583,458.963,להמירן
459.023,459.484,למונחים
459.544,460.184,כספיים
460.664,460.844,הן
460.944,461.325,תועלות
461.365,461.725,שאפשר
461.765,462.085,למדוד
462.105,462.405,אותן
462.465,462.846,באופן
462.926,463.446,כמותי
463.526,464.046,ולתרגם
464.086,464.207,את
464.227,464.627,הכמות
464.807,465.447,לכסף
465.868,466.048,הנה
466.128,466.308,כמה
466.368,466.888,דוגמאות.
467.609,468.129,הקטנת
468.309,468.589,רמות
468.669,468.97,מלאי.
469.69,470.31,בארגונים
470.35,470.991,המחזיקים
471.011,471.411,מלאי
471.531,471.931,"פיזי,"
472.251,472.731,הקטנת
472.791,473.192,מלאים
473.352,473.792,מאפשרת
473.832,474.312,לצמצם
474.352,474.412,את
474.472,474.752,שטח
474.792,475.432,המחסנים
475.813,476.313,ולהפחית
476.333,476.453,את
476.473,476.973,האובדן
477.093,477.393,עקב
477.453,477.793,בלאי
477.834,477.934,או
477.994,478.354,צבירת
478.434,478.654,מלאי
478.694,479.074,עודף
479.134,479.334,שלא
479.374,479.634,ניתן
479.654,480.195,למכור.
480.715,480.875,גם
480.915,481.395,בארגוני
481.475,481.955,שירותים
482.015,482.175,יש
482.215,482.556,לעתים
482.576,482.956,מלאי
483.256,483.496,העלול
483.536,483.896,להפוך
483.936,484.256,חסר
484.316,484.756,ערך
484.897,485.017,אם
485.077,485.137,לא
485.177,485.577,יימכר
485.617,486.097,בזמן.
486.617,487.017,"לדוגמה,"
487.158,487.618,סוכנויות
487.658,488.078,נסיעות
488.098,488.638,המשווקות
488.658,488.938,טיולים
488.998,489.499,מאורגנים
489.859,490.299,רוכשות
490.339,490.659,לעתים
490.679,491.059,מראש
491.139,491.559,מקומות
491.599,492.1,בטיסות
492.16,492.54,ליעדי
492.58,493.12,הטיולים
493.52,493.9,ועלולות
493.94,494.281,להפסיד
494.361,494.901,כסף
494.961,495.081,אם
495.141,495.221,לא
495.281,495.661,יצליחו
495.681,496.101,למכור
496.121,496.181,את
496.241,496.401,כל
496.442,496.922,המקומות.
497.602,498.322,בבנק
498.422,498.682,אפשר
498.722,499.182,להתייחס
499.222,499.623,לכסף
499.663,500.103,שניתן
500.143,500.543,להלוות
500.603,500.943,באשראי
501.003,501.103,על
501.123,501.603,הלקוחות
501.663,501.883,כאל
501.923,502.283,מלאי.
502.763,502.943,כדי
503.023,503.323,שבנק
503.383,503.624,יוכל
503.644,503.924,לתת
503.944,504.444,"הלוואות,"
504.804,504.884,הוא
504.944,505.384,מגייס
505.444,505.944,פקדונות
506.064,506.724,מהציבור
506.804,507.305,וממקורות
507.325,507.825,אחרים.
508.465,508.845,מקצת
508.885,509.305,הסכום
509.345,509.425,הוא
509.485,509.725,חייב
509.785,510.145,להחזיק
510.205,510.605,במצב
510.685,511.125,נזיל
511.486,511.706,כדי
511.806,512.146,שיוכל
512.166,512.646,להחזירו
512.686,513.306,למפקידים
513.366,513.646,ברגע
513.706,514.206,שידרשו
514.266,514.446,זאת.
515.007,515.327,יתרת
515.367,515.847,הכסף
516.067,516.267,היא
516.287,516.747,מלאי
517.067,517.427,שהבנק
517.507,517.807,יכול
517.847,518.227,להלוות
518.267,518.787,לציבור.
519.348,519.448,אם
519.488,519.608,יש
519.668,520.148,עודפים
520.208,520.448,שלא
520.488,520.788,נוצלו
520.828,521.108,למתן
521.128,521.648,"אשראי,"
521.968,522.248,הבנק
522.448,522.849,מפסיד
522.889,523.369,הכנסה
523.389,524.129,הפוטנציאלית.
524.669,525.43,חיסכון
525.59,525.93,בזמן
525.97,526.371,עובדים.
527.171,527.452,כאשר
527.512,527.912,לקוחות
527.952,528.232,הבנק
528.352,528.733,מבצעים
528.793,529.073,פעולות
529.113,529.694,"בעצמם,"
530.114,530.274,בין
530.314,530.995,באינטרנט
531.095,531.335,ובין
531.375,532.076,בכספומט
532.436,532.857,הדבר
532.997,533.337,חוסך
533.437,533.657,זמן
533.677,533.998,עבודה
534.058,534.178,של
534.218,534.658,פקידים.
535.159,535.619,חיסכון
535.659,535.719,זה
535.759,535.94,אינו
535.98,536.44,מתבטא
536.48,536.7,מיד
536.84,537.241,ובאופן
537.281,537.641,ישיר
537.681,538.102,בצמצום
538.122,538.502,עלויות
538.522,539.143,"המשכורות,"
539.583,539.743,אך
539.783,540.244,בטווח
540.284,540.724,הארוך
540.904,541.044,יש
541.104,541.365,בכך
541.445,541.945,פוטנציאל
542.025,542.486,אמיתי
542.866,543.407,להקטנת
543.467,543.827,מספר
543.867,544.247,העובדים.
544.868,545.389,צמצום
545.509,545.989,טעויות
546.069,546.69,והחזרות.
547.21,547.631,מערכות
547.731,548.031,מידע
548.131,548.592,מאפשרות
548.632,549.192,ללקוחות
549.252,549.653,לבצע
549.693,550.133,בעצמם
550.173,550.273,את
550.294,550.754,ההזמנות
550.814,551.154,שלהם
551.555,552.035,מקטינות
552.075,552.596,טעויות
552.796,553.096,מפני
553.176,553.317,שהן
553.357,553.837,מחייבות
553.897,554.318,הגדרות
554.378,555.038,מדויקות
555.519,556.039,ובעיקר
556.119,556.22,הן
556.28,556.62,מונעות
556.66,557,טעויות
557.02,557.401,אנוש
557.421,557.841,הנובעות
557.901,558.121,מאי
558.141,558.622,הבנות
558.982,559.623,ומתקלות
559.683,560.364,בתקשורת
560.404,560.684,שבין
560.704,561.165,הצדדים.
561.625,562.065,זאת
562.125,562.586,בתנאי
562.666,563.346,שהמערכות
563.406,563.786,כוללות
563.866,564.327,מנגנוני
564.387,564.847,בקרה
565.287,565.788,שימנעו
565.828,566.428,מלקוחות
566.488,566.828,לגרום
566.908,567.128,נזק
567.249,567.669,לארגון
567.709,568.209,בזדון
568.349,568.449,או
568.489,569.01,בשגגה.
569.45,569.83,לקוח
569.87,570.15,עשוי
570.17,570.571,לבצע
570.591,571.031,בכוונה
571.071,571.431,תחילה
571.531,571.811,פעולת
571.891,572.312,רכישה
572.372,572.492,של
572.532,572.972,"מנייה,"
573.432,573.553,אף
573.573,573.653,על
573.713,573.833,פי
573.913,574.153,שאין
574.193,574.273,לו
574.313,574.453,די
574.513,574.813,כסף
574.873,575.434,"בחשבון,"
575.894,576.014,או
576.054,576.454,להקליד
576.554,577.075,בשוגג
577.235,577.515,כמות
577.575,577.915,מניות
577.975,578.376,הגדולה
578.476,578.576,פי
578.676,579.156,אלף
579.256,579.556,מזו
579.616,580.097,שהתכוון
580.137,580.557,לקנות.
581.69,582.05,"אלף,"
582.23,582.691,"שתיים,"
582.891,583.351,שתיים.
583.831,584.171,תועלות
584.271,584.852,מוחשיות
584.912,585.032,לא
585.072,585.652,כספיות
585.872,586.133,שלא
586.173,586.433,ניתן
586.493,586.893,להמירן
586.953,587.433,למונחים
587.473,587.994,כספיים.
588.674,589.054,במקרה
589.154,589.254,זה
589.314,589.575,אפשר
589.615,589.915,למדוד
589.995,590.435,כמותית
590.455,590.575,את
590.595,591.275,"התועלת,"
591.436,591.596,אך
591.696,591.836,אין
591.876,591.936,לה
591.976,592.396,מחיר.
592.996,593.497,"לדוגמה,"
593.597,593.977,מערכת
594.057,594.337,מידע
594.377,595.078,להקצאת
595.098,595.598,אמבולנסים
595.638,596.058,וניידות
596.098,596.338,טיפול
596.358,596.859,נמרץ
597.219,597.819,מקצרת
597.859,597.919,את
597.999,598.32,מועדי
598.34,598.6,ההגעה
598.66,598.98,למקום
599.02,599.54,"האירוע,"
599.88,600.401,ובכך
600.561,600.921,מצילה
601.021,601.341,חיים.
601.862,602.202,נחזור
602.222,602.542,לאתר
602.582,603.042,האינטרנט
603.082,603.202,של
603.242,603.583,"הבנק,"
603.843,604.343,ונניח
604.483,604.863,שהבנק
604.963,605.344,שוקל
605.364,605.764,ליישם
605.804,606.244,מערכת
606.324,606.764,מידע
607.165,607.765,שתשפר
607.805,607.845,את
607.905,608.105,זמן
608.125,608.545,התגובה
608.585,608.966,לפניות
609.006,609.106,של
609.146,609.546,לקוחות
609.566,610.066,המבקשים
610.086,610.426,לקבל
610.466,610.807,הלוואה.
611.407,611.948,ברור
612.008,612.408,שהדבר
612.488,612.849,יעלה
612.869,612.969,את
613.009,613.189,רמת
613.249,613.549,שביעות
613.57,613.89,הרצון
613.93,614.07,של
614.09,614.671,"הלקוחות,"
615.091,615.412,ואפשר
615.452,615.732,למדוד
615.772,615.912,זאת
615.972,616.533,בזכרים.
617.034,617.234,אבל
617.394,617.674,איזו
617.714,617.995,תועלת
618.115,618.615,ממשית
618.816,619.156,יפיק
619.216,619.536,מכך
619.556,619.997,הבנק?
620.578,620.878,בדרך
620.938,621.198,כלל
621.218,621.739,הלקוחות
621.799,621.939,הם
622.099,622.52,שבויים
622.6,622.76,של
622.78,623.081,הבנק
623.201,623.901,ומתקשים
623.982,624.102,או
624.142,624.362,אינם
624.422,624.903,יכולים
625.303,625.664,לעבור
625.724,626.004,לבנק
626.044,626.384,אחר
626.504,626.845,אפילו
626.865,626.925,אם
626.965,627.185,אינם
627.225,627.606,מרוצים
627.646,628.146,מהשירות.
628.771,629.231,בת.
629.671,630.031,תועלות
630.111,630.212,לא
630.272,630.892,מוחשיות
,,Intangible
,,benefits.
633.273,633.873,למערכות
633.953,634.293,מידע
634.453,634.593,יש
634.653,635.093,במקרים
635.173,635.493,רבים
635.633,636.074,תועלות
636.274,636.514,שאי
636.534,636.794,אפשר
636.834,637.294,"למדוד,"
637.734,638.234,במיוחד
638.274,638.835,כשהמידע
638.915,639.315,מיועד
639.355,639.795,לדרגי
639.815,640.155,הניהול
640.215,640.815,בארגון.
641.456,641.616,כמו
641.736,641.976,"כן,"
642.056,642.576,המערכות
642.616,642.956,עשויות
642.996,643.376,לשפר
643.416,643.456,את
643.476,643.716,תיבות
643.736,644.197,החרוטי
644.257,644.377,של
644.417,644.857,הארגון.
645.477,646.058,דוגמאות
646.118,646.618,לתועלות
646.778,646.918,לא
646.938,647.559,מוחשיות
647.619,648.12,שארגונים
648.16,648.44,נוהגים
648.48,648.88,לייחס
648.92,649.421,למערכות
649.501,649.841,מידע
649.941,650.242,הן
650.682,651.002,מידע
651.062,651.703,משופר
651.803,652.244,כבסיס
652.284,652.744,לקבלת
652.764,653.185,החלטות
653.225,654.025,אסטרטגיות
654.626,655.066,מניעת
655.126,655.627,נחיתות
655.767,656.167,ביחס
656.227,656.928,למתחרים
657.409,657.829,שיפור
657.889,658.189,תדמית
658.229,658.79,הארגון
659.451,659.611,עד
659.711,659.891,כה
659.971,660.291,מיינו
660.311,660.392,את
660.432,660.912,התועלות
660.972,661.493,לארגון
661.813,662.273,ובמקרה
662.333,662.794,שלנו
663.014,663.434,לבנק
663.955,664.396,כעת
664.436,664.716,נעבור
664.776,665.076,לדון
665.116,665.637,במדידת
665.737,666.338,התועלות.
667.039,667.479,המונח
667.539,668.06,המשמש
668.14,668.62,למדידת
668.68,669.221,תועלת
669.421,669.561,הוא
669.621,670.062,"ערך,"
670.502,671.003,ובמקרה
671.063,671.564,שלנו
671.964,672.244,ערך
672.345,672.705,מידע.
673.406,673.786,נפתח
673.846,674.367,בדוגמה
674.427,674.847,שתמחיש
674.907,675.048,את
675.068,675.768,הבעייתיות
675.808,675.929,של
675.969,676.329,אומדן
676.469,676.71,ערך
676.75,677.13,המידע.
677.691,677.791,מה
677.871,678.271,קורה
678.452,679.052,כשהמידע
679.092,679.693,המשופר
679.793,680.374,שהמערכת
680.414,680.674,אמורה
680.694,681.175,לספק
681.335,681.655,מיועד
681.715,682.236,ללקוחות
682.276,682.716,הארגון?
683.277,683.797,במקרה
683.877,684.038,"זה,"
684.178,684.798,הלקוחות
684.918,685.058,הם
685.098,685.559,המפיקים
685.579,685.859,ממנו
685.919,686.199,תועלת
686.299,686.8,"ישירה,"
687.24,687.76,והתועלת
687.84,688.321,לארגון
688.461,688.861,עקיפה
688.921,689.421,בלבד
689.802,690.322,ונובעת
690.462,690.903,מעלייה
690.963,691.323,בשביעות
691.363,691.743,הרצון
691.803,691.943,של
691.963,692.484,הלקוחות.
692.864,693.124,וכבר
693.204,693.544,ציינו
693.625,693.825,שלא
693.885,694.245,ברור
694.585,694.685,עד
694.745,694.986,כמה
695.106,695.406,שביעות
695.486,695.846,רצון
695.886,696.026,של
696.046,696.527,הלקוחות
696.627,696.867,מועילה
696.927,697.367,לבנק.
697.828,698.348,השאלה
698.488,698.628,מי
698.668,698.948,מפיק
699.028,699.529,תועלת
699.889,699.989,היא
700.029,700.309,אחת
700.409,700.83,משלוש
700.91,701.19,שאלות
701.23,701.75,עקריות
701.871,702.311,הנוגעות
702.371,702.851,למדידת
702.971,703.211,ערך
703.312,703.612,מידע.
703.932,704.512,של
704.572,704.712,מי
704.772,705.333,"הערך,"
705.753,705.893,של
705.913,706.293,"יחיד,"
706.333,706.433,של
706.513,706.913,קבוצה
707.014,707.114,או
707.154,707.294,של
707.314,707.774,"ארגון,"
708.294,708.774,באיזה
708.834,709.095,ערך
709.175,709.675,"מדובר,"
710.095,710.335,האם
710.355,710.695,בערך
710.775,711.236,נתפס
711.316,711.736,מנקודת
711.776,712.116,ראותם
712.176,712.296,של
712.356,713.057,המשתמשים
713.197,713.357,או
713.437,713.577,של
713.657,714.137,הנהלת
714.157,714.577,"הארגון,"
715.017,715.218,האם
715.238,715.598,בערך
715.658,716.178,"ריאלי,"
716.478,716.918,השיפור
716.958,717.459,בביצועי
717.479,718.099,המשתמשים
718.159,718.499,לאחר
718.559,719.079,שנחשפו
719.099,719.56,"למידע,"
720.14,720.54,ואולי
720.62,720.98,בערך
721.06,721.701,"נורמטיבי,"
722.061,722.641,המבוסס
722.681,722.741,על
722.841,723.141,חישוב
723.182,723.662,אנליטי.
724.182,724.482,מי
724.542,724.962,מבצע
725.002,725.122,את
725.182,725.643,הערכה?
726.163,726.923,המשתמשים?
727.083,727.763,המפתחים?
728.123,728.243,או
728.324,728.784,מעריכים
728.864,729.324,חיצוניים
729.364,730.124,אובייקטיביים?
730.724,731.085,מתי
731.125,731.385,נעשה
731.405,731.525,את
731.585,732.125,הערכה?
732.625,733.085,לפני
733.165,733.285,או
733.305,733.625,אחרי
733.705,734.266,שהמערכת
734.286,734.646,הוקמה?
735.686,735.786,על
735.866,736.026,כל
736.106,736.326,אלה
736.547,736.847,נדון
736.887,737.387,בסעיפים
737.407,737.867,הבאים.
738.627,738.887,ערך
738.967,739.248,מידע
739.508,739.628,הוא
739.688,739.968,תמיד
740.008,740.528,יחסי
740.568,740.928,ותלוי
740.968,741.728,"במשתמש,"
741.788,742.269,בזמן
742.449,743.149,ובנסיבות.
743.649,743.989,נבחן
744.029,744.489,לדוגמה
744.69,744.81,את
744.85,745.17,יתרת
745.33,745.67,חשבון
745.69,746.01,העובר
746.07,746.61,ושווא
746.91,747.05,של
747.13,747.35,נועה
747.511,747.831,לפני
747.931,748.231,שנה
748.431,748.911,והיום.
749.571,749.911,מדובר
749.991,750.212,באותה
750.312,750.572,כמות
750.612,751.032,נתונים.
751.452,751.952,קרוב
751.992,752.373,לוודאי
752.593,752.993,שההתרה
753.053,753.413,מלפני
753.493,753.793,שנה
753.933,754.114,אינה
754.214,754.554,חשובה
754.634,754.834,כלל
754.934,755.354,"לנועה,"
755.734,755.814,אך
755.874,756.175,חשוב
756.215,756.295,לה
756.335,756.555,מאוד
756.615,757.075,לדעת
757.255,757.355,מה
757.375,757.696,היתרה
757.776,757.936,שלה
758.016,758.396,היום.
759.076,759.176,מה
759.256,759.737,חשיבות
759.757,760.077,היתרה
760.117,760.557,הנוכחית
760.597,760.717,של
760.797,760.977,נועה
761.077,761.538,מנקודת
761.578,761.918,המבט
761.958,762.078,של
762.138,762.538,הבנק?
763.199,763.339,אם
763.379,763.599,היתרה
763.719,764.239,חיובית
764.359,764.519,או
764.559,764.659,לא
764.739,765.1,חורגת
765.14,765.66,ממסגרת
765.7,766.08,האשראי
766.1,766.561,המותרת
766.601,767.061,"לנועה,"
767.401,767.841,המידע
767.881,768.141,הזה
768.221,768.542,פחות
768.602,768.882,חשוב
768.922,769.382,לבנק.
769.842,770.083,אבל
770.203,770.343,אם
770.403,770.703,היתרה
770.783,770.903,של
770.943,771.083,נועה
771.183,771.663,שלילית
772.004,772.224,ויש
772.304,772.604,חשש
772.724,772.964,שלא
773.024,773.324,תוכל
773.344,773.625,לפרוע
773.645,773.785,את
773.845,774.225,ההלוואות
774.265,774.625,שנטלה
774.685,775.185,"מהבנק,"
775.606,775.886,זהו
775.946,776.126,כבר
776.206,776.446,מידע
776.566,776.886,חשוב
776.966,777.247,מאוד
777.307,777.687,לבנק.
778.047,778.487,דוגמה
778.547,779.028,נוספת
779.048,779.568,הממחישה
779.628,779.688,את
779.728,780.089,תלותו
780.149,780.289,של
780.389,780.549,ערך
780.689,781.169,המידע
781.55,782.21,בנסיבות
782.53,782.65,היא
782.75,782.991,שער
783.011,783.511,החליפין
783.591,783.711,של
783.731,784.111,הדולר
784.172,784.572,יחסית
784.632,785.212,לשקל.
785.933,786.293,הערך
786.373,786.473,של
786.593,786.914,שערים
786.954,787.554,היסטוריים
787.674,787.794,הוא
787.814,788.234,אפסי.
788.715,788.955,זוהי
788.975,789.375,סחורת
789.455,789.636,שוק
789.716,790.076,שאפשר
790.096,790.456,להשיגה
790.516,790.936,בחינם
791.017,791.477,ממגוון
791.537,791.997,מקורות.
792.458,792.858,לשער
792.878,793.358,הנוכחי
793.418,793.538,של
793.578,793.999,הדולר
794.139,794.219,יש
794.399,794.539,ערך
794.679,794.979,גבוה
795.06,795.56,"במעט,"
795.98,796.18,אך
796.2,796.521,עדיין
796.561,796.921,מדובר
796.981,797.501,בסחורה.
798.122,798.462,לעומת
798.522,798.782,"זאת,"
799.002,799.383,נניח
799.443,799.683,שאנו
799.723,800.003,יודעים
800.023,800.564,בוודאות
800.664,801.084,מלאה
801.544,801.664,מה
801.724,801.905,יהיה
802.005,802.245,שער
802.265,802.845,החליפין
802.885,803.246,מחר.
803.866,804.487,למידע
804.547,804.827,הזה
804.908,805.168,יכול
805.188,805.388,להיות
805.428,805.569,ערך
805.709,805.989,גבוה
806.049,806.41,"מאוד,"
806.871,807.091,אך
807.111,807.532,היכולת
807.612,808.092,לממשות
808.133,808.373,תלויה
808.433,808.994,בזמינותם
809.034,809.154,של
809.174,809.535,אמצעי
809.575,810.156,תקשורת
810.516,811.097,ובמספר
811.137,811.658,האנשים
811.738,812.239,שהמידע
812.319,812.619,נמצא
812.699,813.3,ברשותם.
814.142,814.282,אם
814.322,814.703,אנשים
814.803,815.143,"רבים,"
815.323,815.544,או
815.604,815.984,אפילו
816.085,816.365,כלל
816.385,816.826,"הציבור,"
817.226,817.687,יודעים
817.727,817.807,מה
817.947,818.028,יהיה
818.108,818.308,שער
818.328,818.829,החליפין
818.889,819.229,"מחר,"
819.61,819.91,אין
819.99,820.37,למידע
820.41,820.61,הזה
820.71,820.93,ערך
821.01,821.351,גבוה.
821.871,822.171,לעומת
822.271,822.491,"זאת,"
822.571,822.651,אם
822.731,822.911,רק
823.031,823.491,אנחנו
823.531,823.811,יודעים
823.911,824.131,"זאת,"
824.512,824.772,נוכל
824.812,825.192,לכאורה
825.252,825.672,לנצל
825.692,825.792,את
825.832,826.232,המידע
826.632,827.092,ולבצע
827.152,827.513,עסקות
827.573,827.913,שיביאו
827.953,828.133,לנו
828.193,828.613,רווח.
828.953,829.413,נתעלם
829.473,829.853,מההיבט
829.873,830.413,המוסרי.
830.694,830.834,אבל
830.934,831.034,אם
831.154,831.274,אין
831.314,831.474,לנו
831.554,831.854,גישה
831.914,832.354,למערכת
832.414,832.934,תקשורת
832.974,833.535,שתאפשר
833.595,833.735,לנו
833.755,834.115,לבצע
834.215,834.535,פעולות
834.555,834.615,על
834.655,834.915,סמך
834.975,835.335,"המידע,"
835.895,835.995,הוא
836.055,836.495,נהפך
836.535,836.996,לחסר
837.116,837.436,ערך.
838.156,838.656,האם
838.736,839.237,הערך
839.337,839.677,שנועה
839.777,840.258,מייחסת
840.298,840.638,ליתרת
840.698,841.038,חשבון
841.058,841.339,העובר
841.379,841.719,ושווא
841.779,842.039,שלה
842.419,842.68,צריך
842.74,843.04,לעניין
843.06,843.16,את
843.2,843.62,הבנק?
844.081,844.361,ודאי
844.441,844.821,"שכן,"
845.362,845.702,מכיוון
845.782,846.122,שנועה
846.202,846.523,וכל
846.543,847.043,הלקוחות
847.063,847.563,האחרים
847.904,848.164,פונים
848.224,848.524,לבנק
848.624,849.065,בערוצים
849.165,849.485,שונים
849.545,849.705,כדי
849.725,850.145,לברר
850.206,850.306,מה
850.326,850.686,היתרה
850.766,851.146,שלהם.
851.827,852.127,הבנק
852.267,852.507,חייב
852.527,852.948,לספק
852.988,853.588,ללקוחותיו
853.648,853.768,את
853.828,854.289,"המידע,"
854.709,855.43,ומבחינתו
855.51,855.75,רצוי
855.79,856.09,לעשות
856.11,856.23,זאת
856.27,856.671,בצורה
856.691,857.271,החסכונית
857.331,857.752,ביותר.
858.372,858.652,כמו
858.772,858.993,"כן,"
859.153,859.293,אם
859.333,859.693,המידע
859.793,860.034,אינו
860.094,860.354,זמין
860.374,860.974,ללקוחות
861.055,861.355,ברגע
861.415,861.555,שהם
861.615,862.035,זקוקים
862.076,862.256,"לו,"
862.616,862.796,או
862.956,863.096,אם
863.137,863.397,עליהם
863.437,863.817,להמתין
863.897,864.097,זמן
864.258,864.438,רב
864.618,864.798,כדי
864.838,865.319,"לקבלו,"
865.799,866.139,שביעות
866.179,866.58,רצונם
866.66,867.22,פוחתת.
867.641,867.781,גם
867.901,868.141,חצי
868.201,868.522,דקה
868.602,868.762,של
868.802,869.182,האזנה
869.222,869.703,"להודעה,"
870.163,870.383,תודה
870.483,871.124,שהתקשרתם
871.164,871.825,"לבנק,"
871.845,871.945,אנו
871.985,872.385,מטפלים
872.405,872.826,בפניות
872.886,873.346,"קודמות,"
873.927,874.247,יכולה
874.307,874.848,להתאפס
874.888,874.968,כי
875.028,875.248,זמן
875.348,875.528,רב
875.728,876.029,בעיני
876.049,876.649,הלקוחות.
877.27,877.63,ערכה
877.71,877.83,של
877.87,878.311,מערכת
878.391,878.691,מידע
878.731,879.052,נובע
879.132,879.572,מערכו
879.632,879.772,של
879.812,880.153,המידע
880.253,880.373,שהיא
880.393,881.074,מספקת
881.154,881.354,או
881.374,881.694,אמורה
881.734,882.175,לספק.
882.655,883.356,בהמשך
883.436,883.736,נציג
883.776,884.116,שלושה
884.236,884.616,סוגים
884.697,884.817,של
884.837,885.177,ערכי
885.237,885.557,מידע.
886.038,886.278,ערך
886.378,886.618,מידע
886.718,887.419,"נורמטיבי,"
887.819,888.059,ערך
888.139,888.379,מידע
888.419,888.96,ריאלי
889.02,889.44,וערך
889.52,889.78,מידע
889.86,890.441,נתפס.
890.981,891.341,לאחר
891.402,891.722,מכן
891.762,892.022,נדון
892.062,892.542,בהבדלים
892.562,893.003,ביניהם
893.383,893.783,ובאילו
893.823,894.184,תנאים
894.244,894.664,מתאים
894.724,895.164,וניתן
895.244,895.785,להשתמש
895.865,896.125,בכל
896.145,896.425,אחד
896.465,900.308,מהם.
,,3.2.2
902.71,902.99,ערך
903.09,903.39,מידע
903.49,904.051,נורמטיבי.
905.875,906.236,ערך
906.316,906.597,מידע
906.677,907.378,"נורמטיבי,"
,,Normative
,,Value
,,of
,,"Information,"
909.803,909.924,הוא
909.984,910.645,"תיאורטי,"
910.886,911.246,נמדד
911.327,911.768,"מראש,"
912.008,912.669,"אקסנטה,"
913.09,913.672,ומבוסס
913.732,913.812,על
913.872,914.133,מודל
914.173,914.634,המגדיר
914.774,914.934,איך
914.974,915.255,דברים
915.335,915.696,צריכים
915.736,916.117,להיות.
916.962,917.422,נניח
917.522,917.942,שהבנק
918.042,918.362,שוקל
918.402,918.863,לאפשר
918.903,919.643,ללקוחותיו
920.023,920.403,לקבל
920.463,920.983,תצלומים
921.063,921.163,של
921.243,921.663,צ'קים
921.723,922.223,שנפדו
922.243,922.864,מחשבונם
922.904,923.344,באמצעות
923.364,924.044,האינטרנט.
924.704,924.864,בנק
924.984,925.444,מתחרה
925.544,925.724,כבר
925.784,926.064,מציע
926.105,926.205,את
926.225,926.605,השירות
926.625,926.885,הזה.
927.465,927.725,אפשר
927.765,928.045,לבנות
928.165,928.465,מודל
928.545,929.045,שיעריך
929.105,929.185,את
929.245,929.725,ההשלכות
929.766,930.186,הצפויות
930.226,930.306,של
930.386,930.706,פעולות
930.746,931.066,הבנק
931.126,931.506,בהקשר
931.546,931.946,"לכך,"
932.406,932.966,ויחשב
933.106,933.366,איזו
933.427,933.707,פעולה
933.747,934.167,רצויה.
934.687,934.947,לשם
934.987,935.207,כך
935.227,935.367,יש
935.387,935.847,"לדעת,"
935.907,936.027,או
936.087,936.547,להעריך
936.607,936.987,"מראש,"
937.488,937.588,מה
937.648,937.948,יהיו
937.988,938.368,התמורות
938.408,939.068,הכספיות
939.168,939.328,או
939.408,939.988,העלויות
940.368,941.229,וההסתברויות
941.469,941.589,של
941.629,942.109,המצבים
942.149,942.489,האלה.
943.049,943.149,מה
943.189,943.369,יהיה
943.389,943.629,הנזק
943.769,944.149,לבנק
944.309,944.43,אם
944.49,944.59,לא
944.65,944.91,יציע
944.93,945.01,את
945.03,945.37,השירות
945.41,945.99,באינטרנט?
946.19,946.43,מה
946.47,947.011,ההסתברות
947.051,947.471,שהנזק
947.611,947.731,יהיה
947.771,948.131,בגובה
948.151,948.712,מסוים?
949.192,949.312,אם
949.352,949.612,הבנק
949.712,950.033,יציע
950.053,950.153,את
950.173,950.693,"השירות,"
950.893,951.053,כמה
951.113,951.534,לקוחות
951.574,952.054,ישתמשו
952.114,952.254,בו?
952.714,952.935,מהן
952.955,953.655,ההסתברויות
953.695,953.855,של
953.875,954.416,התמורות
954.456,954.976,הכספיות
955.016,955.596,הצפויות?
956.137,956.377,מהן
956.417,956.917,העלויות
956.957,957.398,הכרוכות
957.438,957.898,בהפעלת
957.918,958.398,השירות?
958.779,958.979,האם
959.039,959.179,יש
959.259,959.739,אי
,,וודאות
959.859,960.34,לגביהן?
960.9,961.12,האם
961.2,961.48,צפוי
961.641,961.821,חון
961.861,962.201,לבנק
962.341,962.441,אם
962.481,962.961,הלקוחות
963.021,963.302,יבצעו
963.342,963.402,את
963.422,963.782,השירות
963.822,964.402,בעצמם
964.442,964.623,ולא
964.663,964.903,יפנו
964.923,965.563,לסניפים?
966.104,966.184,מה
966.264,966.824,ההסתברות
966.884,967.264,שהחיס
967.364,967.765,החון
967.905,968.145,יהיה
968.205,968.545,בגובה
968.585,969.026,מסוים?
969.646,969.846,מה
969.926,970.187,יקרה
970.247,970.867,לחיסכון
970.907,971.568,ולעלויות
971.949,972.069,אם
972.109,972.369,הבנק
972.609,972.769,לא
972.809,973.07,יציע
973.09,973.17,את
973.19,973.51,השירות
973.55,974.211,"באינטרנט,"
974.551,974.691,אלא
974.772,975.132,יציע
975.192,975.813,ללקוחותיו
975.853,976.193,לקבל
976.213,976.313,את
976.333,976.694,השירות
976.774,977.254,בסניף
977.394,977.835,בעמלה
977.875,978.235,נמוכה
978.295,978.616,יותר?
979.156,979.397,האם
979.457,979.757,כדאי
979.777,980.117,לבנק
980.238,980.598,להשקיע
,,50
981.199,981.379,אלף
981.439,981.759,שח
982.16,982.62,בסקר
982.68,983.181,לקוחות
983.241,983.641,שייתן
983.701,984.022,מידע
984.062,984.362,נוסף
984.402,984.482,על
984.562,984.983,חשיבות
985.003,985.343,השירות
985.383,985.984,ללקוחות
986.404,986.604,ועל
986.645,987.205,נכונותם
987.245,987.706,להשתמש
987.766,988.386,באינטרנט
988.446,988.827,למטרה
988.927,989.027,זו?
989.828,990.269,אפשר
990.329,990.649,לבנות
990.749,991.19,מודלים
991.31,991.971,המבוססים
992.091,992.211,על
992.331,992.692,תורת
992.732,993.333,"ההחלטות,"
,,decision
,,"theory,"
995.095,995.356,כמו
995.556,995.936,עצי
995.976,996.437,"החלטה,"
997.058,997.639,ולחשב
997.899,998.179,מהי
998.199,998.56,ההחלטה
998.58,998.92,הטובה
999,999.421,ביותר
999.501,999.882,בעבור
999.902,1000.362,הבנק.
1001.003,1001.284,אפשר
1001.324,1001.744,להשתמש
1001.824,1001.924,גם
1001.964,1002.465,במודלים
1002.525,1003.026,שפותחו
1003.086,1003.667,במסגרת
1003.707,1004.187,כלכלת
1004.268,1004.568,"מידע,"
,,information
,,economics.
1006.99,1007.51,מרבית
1007.55,1008.031,המודלים
1008.071,1008.451,הללו
1008.551,1008.972,עוסקים
1008.992,1009.452,בקבלת
1009.472,1009.913,החלטות
1009.953,1010.093,של
1010.113,1010.573,"יחיד,"
1010.974,1011.534,ומניחים
1011.614,1012.135,שמקבל
1012.155,1012.635,ההחלטות
1012.695,1013.095,מתנהג
1013.155,1013.456,באופן
1013.536,1014.196,רציונלי
1014.537,1015.017,ושואף
1015.117,1015.578,לתוצאה
1015.638,1016.298,אופטימלית.
1016.979,1017.479,לעומתם
1017.519,1017.659,יש
1017.759,1018.2,מודלים
1018.54,1019.041,המניחים
1019.141,1019.741,שמקבל
1019.761,1020.342,ההחלטות
1020.662,1021.743,הוא
,,"satisficer,"
1021.943,1022.323,"כלומר,"
1022.724,1023.264,מסתפק
1023.324,1023.705,ברמת
1023.725,1024.185,הכנסה
1024.245,1024.926,"מסוימת,"
1025.246,1025.726,הטועמת
1025.767,1025.867,את
1025.907,1026.147,רמת
1026.187,1026.687,השאיפה
1026.747,1027.068,"שלו,"
1027.488,1027.748,ואינו
1027.808,1028.129,מעוניין
1028.169,1028.609,בסיכון
1028.649,1028.969,גבוה
1029.029,1029.37,יותר
1029.45,1029.85,מערך
1029.89,1030.431,מסוים.
1031.011,1031.251,ראו
1031.291,1031.592,דיון
1031.632,1032.332,ברציונליות
1032.432,1032.913,מוגבלת
1032.993,1033.353,בפרק
1033.393,1033.693,אחד.
1034.294,1034.774,מודל
1034.814,1035.214,אחר
1035.375,1035.815,מכונה
1036.035,1036.295,כלל
1036.395,1036.935,החלטה
1036.955,1037.476,"קשיח,"
1037.976,1038.216,והוא
1038.256,1038.536,מניח
1038.776,1039.277,שמקבל
1039.297,1039.817,החלטות
1039.897,1040.177,אינו
1040.237,1040.597,ממהר
1040.637,1041.018,לשנות
1041.058,1041.858,התתנהגותו
1042.238,1042.698,בתגובה
1042.738,1043.179,לשינויים
1043.199,1043.779,במערכת
1043.799,1044.199,"המידע,"
1044.719,1045,אלא
1045.1,1045.34,עליו
1045.4,1045.7,לעבור
1045.74,1046.12,תקופה
1046.2,1046.4,של
1046.42,1046.781,מידע
1046.841,1047.541,והסתגלות.
1048.281,1048.722,בדוגמת
1048.762,1049.142,הצלומי
1049.162,1049.682,"הצ'קים,"
1050.122,1050.562,ייתכן
1050.603,1051.163,שהלקוחות
1051.243,1051.723,ימשיכו
1051.763,1052.043,להזמין
1052.063,1052.123,את
1052.143,1052.584,הצלומים
1052.624,1052.964,בסניף
1053.144,1053.404,זמן
1053.444,1053.644,מעלה
1053.664,1053.904,אחר
1053.964,1054.284,הנהגת
1054.304,1054.645,השירות
1054.705,1055.385,"באינטרנט,"
1055.865,1056.045,אף
1056.065,1056.125,על
1056.185,1056.305,פי
1056.366,1056.526,שהם
1056.586,1056.866,יודעים
1056.926,1057.426,"שאפשר,"
1057.546,1058.026,וכדאי
1058.066,1058.387,"יותר,"
1058.787,1059.187,לבצע
1059.227,1059.327,את
1059.347,1059.727,הפעולה
1059.787,1060.448,באינטרנט.
1061.108,1061.728,חתן
1061.788,1062.008,פרס
1062.048,1062.348,נובל
1062.388,1062.988,לכלכלה
1063.088,1063.449,דניאל
1063.549,1064.109,"קהנמן,"
1064.469,1064.909,ועמיתו
1064.989,1065.309,עמוס
1065.409,1066.109,"טברסקי,"
1066.429,1066.869,טברסקי
1066.889,1067.309,נפטר
1067.369,1067.59,ולא
1067.61,1067.85,זכה
1067.87,1068.21,לקבל
1068.25,1068.35,את
1068.37,1068.87,"הפרס,"
1069.33,1069.65,ערכו
1069.69,1070.03,ניסויים
1070.09,1070.65,אמפיריים
1070.75,1071.21,שהראו
1071.27,1071.37,כי
1071.39,1071.81,אנשים
1071.911,1072.211,אינם
1072.271,1072.591,פועלים
1072.611,1072.931,באופן
1072.991,1073.631,רציונלי.
1074.211,1074.311,הם
1074.371,1074.671,פיתחו
1074.751,1075.151,תיאוריה
1075.171,1075.231,על
1075.311,1075.631,קבלת
1075.651,1076.152,החלטות
1076.212,1076.672,במצבי
1076.732,1077.192,"סיכון,"
1077.492,1077.972,המכונה
,,Prospect
,,"Theory,"
1079.612,1080.032,ולפיה
1080.212,1080.593,אנשים
1080.653,1080.933,רוצים
1080.953,1081.353,להשיג
1081.433,1081.693,ערך
1081.773,1082.153,מרבי
1082.193,1082.333,של
1082.413,1082.913,"פונקציה,"
1083.273,1083.853,המורכבת
1083.913,1084.373,מערכים
1084.433,1085.174,סובייקטיביים
1085.234,1085.354,של
1085.394,1085.834,התמורות
1085.894,1086.394,הצפויות
1086.454,1086.854,מאירועים
1086.874,1087.454,"מסוימים,"
1087.914,1088.454,ומשיקלול
1088.554,1089.315,סובייקטיבי
1089.375,1089.515,של
1089.535,1090.235,ההסתברויות
1090.275,1090.415,של
1090.435,1090.655,אותם
1090.715,1091.095,אירועים.
1091.095,1092.496,תוכלו
1092.536,1092.996,להשתמש
1093.056,1093.356,בכל
1093.396,1093.676,אחת
1093.736,1094.337,מהתיאוריות
1094.357,1094.697,"הללו,"
1094.817,1094.937,או
1094.977,1095.577,"באחרות,"
1095.978,1096.398,ולבנות
1096.518,1096.658,מודל
1096.798,1097.478,נורמטיבי.
1097.939,1098.439,התוצאות
1098.479,1099.159,"שתקבלו,"
1099.499,1099.779,"קרי,"
1099.98,1100.66,ההחלטה
1100.68,1101.04,הטובה
1101.1,1101.44,ביותר
1101.46,1101.861,המומלצת
1101.961,1102.361,"לבנק,"
1102.761,1102.881,לא
1102.921,1103.081,יהיו
1103.101,1103.481,בהכרח
1103.561,1103.982,זהות.
1104.762,1105.102,דוגמת
1105.162,1105.603,הצלומי
1105.643,1106.123,הצ'קים
1106.283,1106.903,ממחישה
1107.003,1107.123,את
1107.143,1107.624,היתרונות
1107.684,1108.284,והחסרונות
1108.324,1108.444,של
1108.464,1108.804,הגישה
1108.844,1109.605,הנורמטיבית.
1110.245,1110.545,מצד
1110.585,1111.265,"היתרון,"
1111.325,1111.406,זו
1111.426,1111.786,הגישה
1111.866,1112.326,"מובנית,"
1112.726,1113.307,המאפשרת
1113.387,1113.807,להעריך
1113.867,1114.307,מראש
1114.327,1114.367,את
1114.387,1114.887,התוצאות
1114.927,1115.027,של
1115.107,1115.508,פעולות.
1116.188,1116.608,מצד
1116.648,1117.269,"החיסרון,"
1117.429,1117.649,כדי
1117.689,1118.109,ליישם
1118.169,1118.43,אותה
1118.49,1118.87,נחוצים
1118.93,1119.27,נתונים
1119.35,1119.69,"רבים,"
1120.091,1120.571,שלעיתים
1120.711,1120.951,אינם
1121.071,1121.552,זמינים.
1122.192,1122.613,חיסרון
1122.633,1122.933,נוסף
1123.073,1123.253,הוא
1123.313,1123.733,שקשה
1123.793,1124.034,מאוד
1124.074,1124.474,לשלב
1124.554,1124.914,במודל
1124.974,1125.635,נורמטיבי
1125.935,1126.375,תועלות
1126.635,1126.735,לא
1126.795,1127.416,מוחשיות
1127.996,1128.337,דוגמת
1128.377,1128.737,הצלומי
1128.757,1129.237,הצ'קים
1129.297,1129.357,היא
1129.397,1129.738,פשוטה
1129.798,1130.298,"יחסית,"
1130.658,1131.018,ואפשר
1131.058,1131.379,לבנות
1131.439,1131.859,בעבורה
1131.979,1132.219,מודל
1132.279,1132.84,נורמטיבי.
1133.3,1133.58,אבל
1133.74,1133.92,איך
1134,1134.26,נבנה
1134.341,1134.621,מודל
1134.701,1135.021,כזה
1135.421,1135.821,בנוגע
1135.881,1136.482,להחלטה
1136.502,1136.562,על
1136.582,1136.962,הקמת
1137.042,1137.482,מערכת
1137.542,1137.902,מידע
1138.262,1138.663,האמורה
1138.703,1139.163,לנתח
1139.203,1139.663,התנהגות
1139.703,1140.143,לקוחות
1140.203,1140.684,"באתר,"
1141.224,1141.664,ולהפק
1141.744,1142.024,מכך
1142.104,1142.465,מידע
1142.565,1143.065,שיסייע
1143.125,1143.645,למנהלים
1143.685,1144.045,בבנק
1144.426,1144.886,לקבוע
1144.906,1145.286,תנאים
1145.326,1145.826,ומחירים
1145.886,1146.006,של
1146.066,1146.287,מתן
1146.347,1146.747,אשראי
1146.787,1147.347,ללקוחות?
1147.847,1147.927,על
1147.987,1148.107,מה
1148.147,1148.648,נבסס
1148.788,1148.868,את
1148.948,1149.088,כל
1149.108,1149.528,התמורות
1149.568,1150.188,וההסתברויות
1150.228,1150.669,הדרושות
1150.709,1151.329,לחישובים?
1152.189,1152.43,בעיה
1152.51,1152.99,נוספת
1153.07,1153.29,היא
1153.37,1154.21,"שבדיעבד,"
1154.611,1155.051,לאחר
1155.131,1155.651,שמערכת
1155.691,1155.991,כזאת
1156.011,1156.191,היו
1156.272,1156.572,"שם,"
1157.032,1157.512,נתקשה
1157.572,1157.892,למדוד
1157.932,1158.012,את
1158.032,1158.593,הצלחתה.
1159.253,1159.833,"כאמור,"
1159.893,1160.473,המערכת
1160.493,1160.773,אמורה
1160.813,1161.193,לתמוך
1161.233,1161.694,בקבלת
1161.734,1162.154,החלטות
1162.194,1162.274,של
1162.334,1162.894,מנהלים.
1163.394,1163.494,היא
1163.514,1163.894,עשויה
1163.974,1164.294,להציע
1164.414,1164.794,פתרון
1164.914,1165.374,"נכון,"
1165.874,1166.054,אך
1166.074,1166.595,המנהלים
1166.635,1167.075,יחליטו
1167.115,1167.455,לפעול
1167.475,1167.995,אחרת.
1168.555,1168.735,גם
1168.775,1168.855,אם
1168.915,1169.475,המנהלים
1169.535,1169.895,יאמצו
1169.915,1170.035,את
1170.055,1170.455,הפתרון
1170.535,1171.055,"הנכון,"
1171.496,1171.836,עדיין
1171.876,1172.036,יהיה
1172.096,1172.336,קשה
1172.356,1172.676,למדוד
1172.696,1172.776,את
1172.796,1173.176,תוצאות
1173.196,1173.676,הפעולות
1173.736,1174.316,במציאות
1174.776,1175.276,ולהפריד
1175.316,1175.376,את
1175.396,1175.836,השפעת
1175.856,1176.417,המערכת
1176.437,1176.797,עליהן
1177.157,1177.697,מהשפעות
1177.737,1177.837,של
1177.897,1178.177,גורמים
1178.257,1178.777,חיצוניים
1178.877,1179.117,כמו
1179.437,1179.837,המצב
1179.877,1180.337,הכלכלי
1180.377,1180.918,במשק
1181.258,1181.878,והתנהגות
1181.938,1182.398,הבנקים
1182.438,1182.998,המתחרים.
