idx,start,end,word
1,0.008,0.488,עולמן
2,0.528,1.008,המופלא
3,1.108,1.248,של
4,1.288,1.669,דמויות
5,1.729,2.209,המשנה.
6,4.27,4.59,אנחנו
7,4.65,5.05,נולדים
8,5.15,5.61,וגדלים
9,5.67,6.13,כשאנחנו
10,6.15,6.57,מוקפים
11,6.61,6.791,בני
12,6.851,7.211,אדם.
13,7.651,7.991,ההורים
14,8.071,8.431,"שלנו,"
15,8.511,8.991,"האחים,"
16,9.091,9.231,בני
17,9.291,9.812,"המשפחה,"
18,9.872,10.472,"החברים,"
19,10.812,11.332,"השכנים,"
20,11.472,11.812,העמיתים
21,11.852,12.333,"לעבודה,"
22,12.813,12.993,בני
23,13.073,13.333,אדם
24,13.433,13.833,נמצאים
25,13.913,14.333,סביבנו
26,14.614,14.874,לכל
27,14.954,15.214,אורך
28,15.234,15.694,הדרך.
29,16.294,16.394,או
30,16.454,16.634,שהם
31,16.674,16.954,אינם
32,17.054,17.495,"נמצאים,"
33,17.775,18.295,והיעדרם
34,18.355,18.775,מהדהד
35,18.835,19.075,בנו
36,19.355,19.455,לא
37,19.495,19.735,פחות
38,19.815,20.556,מנוכחותם.
39,21.276,21.776,בספרות
40,21.816,21.996,כמו
41,22.036,22.476,"בחיים,"
42,22.897,23.037,יש
43,23.097,23.517,לדמויות
44,23.537,24.037,הסובבות
45,24.057,24.137,את
46,24.277,24.717,הגיבור
47,24.737,25.077,תפקיד
48,25.137,25.318,בעל
49,25.398,25.818,חשיבות
50,25.878,26.218,ראשונה
51,26.358,26.798,במעלה.
52,27.298,27.358,הן
53,27.398,27.899,נקראות
54,28.259,28.659,דמויות
55,28.739,29.159,המשנה.
56,30.316,30.697,שאלה
57,30.757,31.318,למחשבה.
58,31.819,32.019,נסו
59,32.059,32.46,להיזכר
60,32.52,33.001,"בספר,"
61,33.101,33.502,נובלה
62,33.662,33.782,או
63,33.822,34.063,אפילו
64,34.123,34.423,סיפור
65,34.483,34.884,קצר
66,35.205,35.625,שמציגים
67,35.685,35.966,גיבור
68,35.986,36.246,אחד
69,36.326,36.767,"בלבד,"
70,36.948,37.068,בלי
71,37.148,37.308,שום
72,37.388,37.689,דמויות
73,37.729,38.21,"נוספות,"
74,38.57,38.831,אפילו
75,38.871,38.951,לא
76,39.031,39.332,כאלה
77,39.632,39.933,שעולות
78,39.993,40.574,בזיכרונו
79,40.634,40.734,או
80,40.774,41.516,במחשבותיו.
81,41.876,42.016,האם
82,42.076,42.117,זה
83,42.177,42.537,אפשרי
84,42.557,42.838,בכלל?
85,44.575,45.015,דמויות
86,45.055,45.416,המשנה
87,45.476,45.596,הן
88,45.656,45.996,עולם
89,46.076,46.457,ומלואו.
90,46.877,47.217,אחדות
91,47.277,47.478,מהן
92,47.598,47.938,חולפות
93,47.978,48.418,במהירות
94,48.478,48.819,בעולמו
95,48.879,48.979,של
96,49.039,49.479,"הגיבור,"
97,49.9,50.32,מבליכות
98,50.38,50.46,בו
99,50.5,50.841,לרגע
100,50.921,51.401,ומוסיפות
101,51.441,51.801,נקודות
102,51.861,52.162,זעירות
103,52.222,52.342,של
104,52.442,52.722,צבע.
105,53.443,53.703,חשבו
106,53.743,53.823,על
107,53.863,54.304,כרטיסן
108,54.344,54.924,"ברכבת,"
109,55.224,55.605,שמנקב
110,55.645,55.705,את
111,55.805,56.145,הכרטיס
112,56.185,56.305,של
113,56.325,56.746,הגיבור
114,56.766,57.046,כשהוא
115,57.066,57.166,עולה
116,57.186,57.707,לקרון.
117,58.107,58.667,הכרטיסן
118,58.727,59.108,מופיע
119,59.148,59.508,ונעלם
120,59.568,60.049,"במהירות,"
121,60.429,60.549,אבל
122,60.609,60.969,באותם
123,61.029,61.41,רגעים
124,61.69,61.75,הוא
125,61.79,62.01,יכול
126,62.05,62.351,לעורר
127,62.411,62.871,בגיבור
128,63.091,63.392,רגש
129,63.412,63.532,רב
130,63.612,64.132,משמעות.
131,64.573,64.793,אולי
132,64.813,64.893,הוא
133,64.953,65.333,מזכיר
134,65.373,65.453,לו
135,65.473,65.553,את
136,65.634,65.894,אביו
137,66.034,66.494,"הזקן,"
138,66.835,67.055,ואולי
139,67.115,67.655,הופעתו
141,67.675,68.076,המקרית
142,68.316,68.716,תשפיע
143,68.756,68.836,על
144,68.876,69.217,החלטה
145,69.257,69.377,של
146,69.417,69.837,"הגיבור,"
147,70.157,70.518,ועשויה
148,70.558,70.938,אפילו
149,70.978,71.339,לשנות
150,71.359,71.439,את
151,71.499,71.799,חייו.
152,73.735,74.275,לדמויות
153,74.335,74.616,משני
154,74.656,74.976,יכולה
155,75.016,75.336,להיות
156,75.376,75.676,השפעה
157,75.776,76.317,מכרעת
158,76.657,76.737,על
159,76.757,77.137,התפתחות
160,77.277,77.657,העלילה
161,77.737,78.118,ועיצוב
162,78.218,78.718,הסיפור.
163,79.238,79.558,חשבו
164,79.619,79.679,על
165,79.739,80.039,דוקטור
166,80.159,80.579,"ווטסון,"
167,80.799,80.999,יד
168,81.019,81.32,ימינו
169,81.38,81.48,של
170,81.56,81.92,שרלוק
171,81.96,82.3,"הולמס,"
172,82.64,82.981,המגולל
173,83.021,83.061,את
174,83.121,83.501,סיפורו
175,83.541,83.641,של
176,83.681,84.061,הבלש
177,84.081,84.481,הגאון.
178,84.982,85.322,הולמס
179,85.362,85.482,לא
180,85.522,85.662,היה
181,85.722,86.042,מטביע
182,86.102,86.283,בנו
183,86.323,86.443,רושם
184,86.503,86.843,כה
185,86.903,87.203,עז
186,87.543,87.723,ללא
187,87.743,88.324,הפרשנות
188,88.384,88.504,של
189,88.564,88.964,ווטסון
190,89.124,89.564,ומבטו
191,89.584,90.085,המעריץ.
192,90.425,91.165,ויש
193,91.245,91.346,גם
194,91.426,91.726,דמויות
195,91.806,92.086,משנה
196,92.186,92.366,כה
197,92.426,93.187,פופולריות
198,93.567,93.667,עד
199,93.707,94.127,שזכו
200,94.187,94.648,בהמשך
201,94.968,95.328,לתפוס
202,95.388,95.768,בעצמן
203,95.808,95.928,את
204,95.988,96.349,מרכז
205,96.369,96.749,הבמה
206,97.109,97.529,ולהפוך
207,97.589,98.01,לדמויות
208,98.07,98.55,ראשיות.
209,99.03,99.39,למשל
210,99.47,100.031,מרשעת
211,100.131,100.251,של
212,100.311,100.671,גרגורי
213,100.711,101.211,מגווייר
214,101.552,102.012,מתארת
215,102.032,102.432,האירועים
216,102.492,103.073,שהתרחשו
217,103.113,103.473,בארץ
218,103.553,103.853,עוץ
219,104.133,104.553,מנקודת
220,104.613,104.954,מבטה
221,104.994,105.114,של
222,105.174,105.734,המכשפה
223,105.754,105.894,הרעה
224,106.074,106.695,מהמערב
225,107.035,107.635,שנהפכת
226,107.695,107.875,כאן
227,108.075,108.456,לגיבורה
228,108.536,109.176,המרכזית.
229,110.197,110.457,שאלה
230,110.517,111.017,למחשבה.
231,111.498,111.718,נסו
232,111.758,112.198,להיזכר
233,112.258,112.658,בשלוש
234,112.698,113.018,דמויות
235,113.098,113.379,משנה
236,113.439,114.039,שאהבתם
237,114.339,114.579,מתוך
238,114.639,114.96,ספרים
239,115.02,115.62,שקראתם.
240,116.12,116.26,מה
241,116.32,116.701,אהבתם
242,116.721,116.981,בהן?
243,117.481,117.561,מה
244,117.601,117.701,הן
245,117.741,118.141,מסמלות
246,118.201,118.522,בעבור
247,118.562,118.942,הגיבור?
248,120.614,120.854,מה
249,120.914,121.315,ההבדל
250,121.395,121.535,בין
251,121.595,121.836,דמות
252,121.896,122.296,משנה
253,122.516,122.857,לדמות
254,122.937,123.337,ראשית?
255,124.178,124.519,הגיבור
256,124.599,124.899,מוגדר
257,124.959,125.24,תמיד
258,125.28,125.66,כאדם
259,125.72,125.901,בעל
260,125.961,126.461,קונפליקט
261,126.722,127.082,שעובר
262,127.102,127.442,תהליך
263,127.482,127.583,של
264,127.663,127.943,שינוי
265,127.983,128.384,במהלך
266,128.404,128.964,הסיפור.
267,129.285,129.385,זה
268,129.425,129.485,מה
269,129.545,129.966,שנקרא
270,130.246,130.486,דמות
271,130.546,130.907,עגולה.
272,131.427,131.527,היא
273,131.547,131.928,עגולה
274,132.168,132.228,כי
275,132.248,132.489,אנחנו
276,132.549,132.729,רואים
277,132.749,132.909,אותה
278,132.969,133.51,"מבפנים,"
279,133.77,133.87,על
280,133.93,134.111,כל
281,134.151,134.671,המורכבות
282,134.731,134.992,שלה
283,135.052,135.613,והדילמות
284,135.673,136.133,שמניעות
285,136.173,136.353,אותה.
286,136.814,137.114,אם
287,137.154,137.275,אתם
288,137.375,137.615,כותבים
289,137.655,138.136,מתחילים
290,138.236,138.396,אני
291,138.416,138.836,ממליצה
292,138.876,139.117,לכם
293,139.137,139.697,להתמקד
294,139.998,140.418,בגיבור
295,140.458,140.759,אחד
296,140.819,141.279,בלבד
297,141.84,141.92,לא
298,142.02,142.24,פשוט
299,142.281,142.621,לכתוב
300,142.661,142.961,גיבור
301,143.061,143.382,עמוק
302,143.462,144.043,ומעניין
303,144.343,144.643,שעובר
304,144.703,145.064,תהליך
305,145.104,145.524,משכנע
306,145.584,145.685,של
307,145.785,146.185,שינוי
308,146.546,146.886,ועדיף
309,146.926,147.327,שתדעו
310,147.367,147.687,לעשות
311,147.747,147.827,זאת
312,147.927,148.288,היטב
313,148.568,148.808,לפני
314,148.848,149.229,שתפנו
315,149.249,149.609,לכתוב
316,149.669,149.97,סיפור
317,150.03,150.35,מרובה
318,150.41,150.851,גיבורים.
319,151.972,152.413,לעומת
320,152.433,152.893,הגיבור
321,152.953,153.274,שאותו
322,153.294,153.534,אנחנו
323,153.614,153.834,רואים
324,153.874,154.215,לעומק.
325,154.415,154.855,כדי
326,154.895,155.215,להבין
327,155.255,155.376,אותו
328,155.436,155.936,ולהזדהות
329,155.976,156.216,"איתו,"
330,156.696,157.037,דמויות
331,157.077,157.437,המשנה
332,157.457,158.117,המסורתיות
333,158.357,158.477,הן
334,158.517,158.818,דמויות
335,158.898,159.398,שטוחות.
336,159.898,160.318,קיומה
337,160.338,160.539,נועד
338,160.579,160.999,לשרת
339,161.039,161.119,את
340,161.139,161.519,הגיבור
341,161.559,161.919,"הראשי,"
342,162.14,162.52,כלומר
343,162.68,163.06,לשמש
344,163.12,163.4,אבני
345,163.46,163.72,דרך
346,163.781,164.201,בתהליך
347,164.261,164.441,שהוא
348,164.461,164.821,"עבר,"
349,165.181,165.722,ולהאיר
350,165.782,165.902,אותו
351,165.922,166.202,באור
352,166.262,166.502,כזה
353,166.542,166.662,או
354,166.702,167.022,אחר.
355,167.863,168.243,הגיבור
356,168.343,168.623,חולף
357,168.663,168.723,על
358,168.803,169.084,פניהם
359,169.124,169.504,במהלך
360,169.604,170.024,העלילה
361,170.344,170.625,כאילו
362,170.645,170.865,היו
363,170.925,171.325,תפאורה
364,171.405,171.745,שטוחה
365,171.825,171.945,של
366,172.005,172.426,מערבון
367,172.446,172.986,הוליוודי
368,173.366,173.886,שמצויירת
369,173.946,174.007,רק
370,174.067,174.147,על
371,174.207,174.387,צד
372,174.407,174.747,אחד.
373,175.447,175.868,לדמויות
374,175.908,176.268,המשנה
375,176.308,176.968,המסורתיות
376,177.348,177.529,אין
377,177.589,178.069,"קונפליקט,"
378,178.349,178.529,והן
379,178.589,178.909,אינן
380,178.929,179.15,עוברות
381,179.23,179.61,תהליך.
382,179.93,180.93,ההבחנה
383,181.03,181.171,בין
384,181.211,181.511,דמויות
385,181.571,181.851,משנה
386,181.891,182.431,לגיבורים
387,182.511,182.871,נשמעת
388,183.011,183.612,"טריוויאלית,"
389,184.032,184.192,אבל
390,184.252,184.592,בפועל
391,184.752,185.052,אינה
392,185.112,185.352,תמיד
393,185.432,185.713,ברורה
394,185.733,186.293,"לכותבים,"
395,186.653,187.053,בייחוד
396,187.093,187.613,בספרים
397,187.653,187.974,בעלי
398,188.034,188.274,כמה
399,188.374,188.614,צירים
400,188.674,189.234,עלילתיים
401,189.574,189.874,שלכל
402,189.894,190.175,אחד
403,190.255,190.515,מהם
404,190.675,190.975,גיבור
405,191.015,191.395,משלו.
406,192.155,192.255,אם
407,192.275,192.436,אתם
408,192.476,192.876,מתקשים
409,192.916,193.336,להפריד
410,193.436,193.596,בין
411,193.616,193.956,דמויות
412,194.016,194.276,משנה
413,194.296,194.837,"לגיבורים,"
414,195.197,195.477,זכרו
415,195.537,195.977,שתמיד
416,196.037,196.617,הגיבור
417,196.958,197.078,הוא
418,197.158,197.438,שחווה
419,197.498,197.558,את
420,197.638,197.898,תהליך
421,197.938,198.378,השינוי
422,198.398,198.838,המרכזי
423,198.858,199.359,בסיפור.
424,200.739,200.999,שאלה
425,201.059,201.56,למחשבה.
426,202.16,202.44,חישבו
427,202.46,202.52,על
428,202.6,202.96,ספרי
429,203.04,203.28,הרי
430,203.32,203.681,"פוטר,"
431,204.041,204.501,והיזכרו
432,,,בהרמיוני
433,,,גריינג'ר
435,205.741,206.102,וברון
436,206.182,206.562,וויזלי.
437,206.942,207.142,האם
438,207.202,207.342,הם
439,207.402,207.882,גיבורים
440,208.303,208.383,או
441,208.403,208.743,דמויות
442,208.803,209.083,משנה?
443,210.203,210.603,לצורך
444,210.643,210.964,הכתיבה
445,211.064,211.404,שלכם
446,211.504,211.664,אין
447,211.704,211.805,זה
448,211.825,212.285,הכרחי
449,212.585,212.886,להגיע
450,212.946,213.346,להבחנה
451,213.386,213.807,ספרותית
452,213.867,214.327,מדויקת
453,214.427,214.567,בין
454,214.627,214.888,גיבור
455,214.948,215.268,נוסף
456,215.308,215.608,לדמות
457,215.668,215.969,משנה.
458,216.609,216.709,מה
459,216.749,217.21,שחשוב
460,217.25,217.37,הוא
461,217.67,218.091,שתבינו
462,218.131,218.611,שנוסף
463,218.631,218.731,על
464,218.751,219.152,הגיבור
465,219.172,219.792,המרכזי
466,220.153,220.293,יש
467,220.373,220.793,בספר
468,220.813,221.234,שלכם
469,221.434,221.594,עוד
470,221.694,222.175,"דמויות,"
471,222.535,222.735,והן
472,222.775,223.056,בעלות
473,223.136,223.636,חשיבות.
474,224.157,224.257,אל
475,224.297,224.657,תטילו
476,224.677,224.897,אותן
477,224.937,225.398,לקלחת
478,225.438,225.838,העלילה
479,225.898,226.039,בלי
480,226.059,226.479,מחשבה.
481,227.04,227.32,הפנו
482,227.36,227.72,תשומת
483,227.76,227.96,לב
484,228.061,228.541,לעיצוב
485,228.561,228.941,"שלהן,"
486,229.282,229.962,לרגשותיהן
487,230.323,231.003,ולביוגרפיה
488,231.063,231.404,שלהן.
489,232.465,232.605,כך
490,232.645,232.965,אומרת
491,233.045,233.166,נועה
492,233.246,233.606,ידלין.
493,234.993,235.273,כדי
494,235.313,235.613,לבנות
495,235.714,235.914,דמות
496,235.994,236.274,משנה
497,236.314,236.834,מצוינת
498,236.894,237.095,כדאי
499,237.175,237.695,לזכור.
500,238.335,238.596,נכון
501,238.656,239.216,שבספר
502,239.276,239.696,המסוים
503,239.756,240.077,הזה
504,240.417,240.737,הדמות
505,240.797,241.358,מכהנת
506,241.418,241.758,כדמות
507,241.818,242.178,"משנה,"
508,242.639,242.779,אבל
509,242.839,243.219,בספר
510,243.239,243.559,אחר
511,243.619,243.679,היא
512,243.699,243.919,הייתה
513,243.939,244.2,יכולה
514,244.26,244.46,להיות
515,244.48,244.88,"הגיבורה,"
516,245.441,245.901,ומובן
517,245.961,246.121,שהיא
518,246.141,246.521,הגיבורה
519,246.601,247.002,בספר
520,247.082,247.322,שהוא
521,247.402,247.762,"חייה,"
522,248.163,248.303,כפי
523,248.323,248.643,שכל
524,248.663,248.923,אחד
525,248.963,249.023,הוא
526,249.043,249.303,הדמות
527,249.343,249.784,המרכזית
528,249.824,250.204,בחייו
529,250.264,250.544,שלו.
530,251.125,251.405,במילים
531,251.445,251.845,"אחרות,"
532,252.245,252.426,אין
533,252.486,252.766,דמויות
534,252.846,253.326,מורכבות
535,253.366,253.727,יותר
536,253.807,253.867,או
537,253.947,254.307,"פחות,"
538,254.747,254.907,כל
539,254.927,255.288,הדמויות
540,255.348,255.768,מורכבות
541,255.828,256.168,באותה
542,256.248,256.489,"מידה,"
543,256.829,257.229,וצריכות
544,257.269,257.649,להיבנה
545,257.729,258.05,לעילה.
546,258.55,258.81,אם
547,258.85,258.93,לא
548,258.97,259.251,יזכו
549,259.291,259.751,להפגין
550,259.791,260.172,בספר
551,260.192,260.552,מסוים
552,260.632,260.732,את
553,260.792,261.033,מלוא
554,261.073,261.713,"מורכבותן,"
555,262.194,262.394,הרי
556,262.434,262.975,שהאשם
557,263.015,263.115,הוא
558,263.155,263.695,בתפקידן
559,263.736,264.256,"בספר,"
560,264.636,264.977,למשל
561,265.037,265.257,דמות
562,265.317,265.678,"משנה,"
563,266.138,266.378,ולא
564,266.418,266.639,בהן
565,266.679,267.119,עצמן.
566,267.7,267.76,זה
567,267.8,268.04,אומר
568,268.1,268.34,שגם
569,268.4,268.701,לדמות
570,268.761,269.121,משנה
571,269.261,269.582,צריכה
572,269.622,269.942,להיות
573,270.002,270.563,היסטוריה
574,270.903,271.364,שידועה
575,271.424,271.824,היטב
576,271.844,272.425,"לכותב,"
577,272.925,273.306,היסטוריה
578,273.406,274.026,"כרונולוגית,"
579,274.046,274.407,היסטוריה
580,274.467,274.847,"רגשית,"
581,275.248,275.548,וכן
582,275.648,275.928,צריכים
583,275.969,276.209,להיות
584,276.249,276.349,לה
585,276.409,276.849,"רצונות,"
586,277.01,277.35,צרכים
587,277.43,277.951,ומועקות.
588,278.311,278.831,כך
589,278.871,278.991,גם
590,279.031,279.392,בבניית
591,279.452,279.812,מערכות
592,279.852,280.312,היחסים
593,280.352,280.452,בין
594,280.472,280.773,דמויות
595,280.793,281.193,המשנה
596,281.493,281.853,לדמויות
597,281.873,282.574,המרכזיות.
598,283.034,283.254,עלינו
599,283.314,283.775,לזכור
600,284.095,284.375,שגם
601,284.415,284.815,לדמויות
602,284.835,285.216,המשנה
603,285.436,285.696,יחס
604,285.736,286.176,משלהן
605,286.216,286.617,לדמויות
606,286.637,287.297,המרכזיות.
607,287.577,287.697,זאת
608,287.737,287.837,לא
609,287.917,288.258,מערכת
610,288.278,288.618,יחסים
611,288.718,289.398,חד-צדדית
612,289.759,289.899,רק
613,289.939,290.159,משום
614,290.199,290.539,שאנחנו
615,290.559,290.779,רואים
616,290.839,290.92,את
617,290.96,291.28,העולם
618,291.34,291.58,דרך
619,291.62,291.86,עיניו
620,291.9,292,של
621,292.02,292.481,הגיבור.
622,293.161,293.421,ככל
623,293.481,294.082,שנתייחס
624,294.102,294.182,אל
625,294.222,294.522,דמויות
626,294.562,294.982,המשנה
627,295.322,295.463,כאל
628,295.523,295.943,שותפות
629,296.003,296.263,שוות
630,296.303,296.703,זכויות
631,296.763,297.244,בספר
632,297.584,298.104,ונייצגן
633,298.144,298.565,בכבוד
634,298.645,299.145,"ובאהדה,"
635,299.685,299.846,כך
636,299.886,300.206,יגמלו
637,300.266,300.406,לנו
638,300.446,300.906,הדמויות
639,300.966,301.427,בהופעה
640,301.527,301.827,בלתי
641,301.847,302.307,נשכחת.
642,303.488,304.169,מספריה
643,304.269,304.39,של
644,304.45,304.55,נועה
645,304.63,305.031,ידלין.
646,305.452,305.752,אנשים
647,305.832,306.253,"כמונו,"
648,,,2019
649,307.676,307.956,בעלת
650,308.016,308.437,"הבית,"
651,,,2013
652,309.98,311.182,"וסטוקהולם,"
653,,,2016
654,312.184,312.404,זוכה
655,312.464,312.564,פרס
656,312.585,312.905,ספיר
657,312.925,313.386,לספרות
658,313.446,313.566,של
659,313.606,313.927,מפעל
660,313.967,314.388,הפיס.
661,315.773,316.173,תרגיל
662,316.213,316.433,דמות
663,316.493,316.913,משנה
664,317.633,317.894,כתבו
665,317.974,318.274,סיפור
666,318.334,318.734,קצר
667,318.834,318.914,על
668,318.954,319.314,גיבור
669,319.374,319.934,שמשוטט
670,319.994,320.494,ברחובות
671,320.574,320.674,של
672,320.734,320.954,עיר
673,321.014,321.314,זרה
674,321.574,321.935,והולך
675,322.015,322.475,לאיבוד.
676,323.055,323.355,בזו
677,323.375,323.555,אחר
678,323.635,323.835,זו
679,324.095,324.175,הוא
680,324.235,324.495,פוגש
681,324.575,324.835,שלוש
682,324.975,325.315,דמויות
683,325.395,325.795,משנה.
684,326.456,326.696,מיהן
685,326.736,327.256,הדמויות?
686,327.796,327.996,איזו
687,328.016,328.596,אינטרקציה
688,328.636,328.676,יש
689,328.796,328.856,לו
690,328.876,329.196,איתן?
691,329.656,329.856,מהן
692,329.896,330.217,גורמות
693,330.257,330.337,לו
694,330.377,330.757,"לחשוב,"
695,330.797,331.217,להרגיש
696,331.337,331.817,ולהבין?
697,332.417,332.597,האם
698,332.617,333.077,המפגש
699,333.097,333.357,איתן
700,333.417,333.657,גורם
701,333.697,333.777,לו
702,333.817,334.138,לעבור
703,334.198,334.558,תהליך
704,334.618,334.958,כלשהו
705,335.018,335.138,של
706,335.198,335.518,שינוי?
707,336.158,336.799,אם
708,336.859,337.019,כבר
709,337.079,337.239,יש
710,337.299,337.539,לכם
711,337.579,337.899,כתב
712,337.919,337.999,יד
713,338.04,338.16,של
714,338.22,338.58,"ספר,"
715,339,339.501,התמקדו
716,339.561,339.961,בדמויות
717,340.021,340.361,המשנה
718,340.421,340.902,החשובות
719,341.242,341.642,וודאו
720,341.702,341.983,שאתם
721,342.023,342.343,מבינים
722,342.403,342.743,היטב
723,342.823,342.923,את
724,343.004,343.404,המניעים
725,343.484,343.864,שלהן.
726,344.385,344.465,מה
727,344.505,344.605,הן
728,344.665,345.065,רוצות
729,345.205,345.506,ומדוע
730,345.606,345.686,הן
731,345.766,346.126,פועלות
732,346.166,346.306,כפי
733,346.366,346.546,שהן
734,346.606,347.067,פועלות.
735,347.687,348.008,זכרו
736,348.088,348.508,שדמויות
737,348.588,348.908,משנה
738,349.269,349.569,אינן
739,349.649,350.069,חפצים
740,350.129,350.57,דוממים
741,350.89,351.51,שמפוזרים
742,351.55,351.871,לאורך
743,351.911,352.291,הספר
744,352.431,352.751,לנוחותו
745,352.791,352.911,של
746,352.932,353.512,"המספר,"
747,353.912,354.012,אלא
748,354.112,354.293,בני
749,354.333,354.693,אדם
750,354.773,355.053,בעלי
751,355.113,355.434,רצון
752,355.514,355.974,עצמאים
753,355.994,356.474,משלהם.
754,358.616,359.137,הקאסט.
755,359.577,359.897,אוסף
756,359.937,360.337,הדמויות
757,360.378,360.838,בסיפור.
758,362.062,362.342,האם
759,362.382,362.603,אנחנו
760,362.663,362.963,יכולים
761,362.983,363.403,ללהק
762,363.584,363.764,כל
763,363.844,364.064,דמות
764,364.124,364.525,שמוצאת
765,364.565,364.745,חן
766,364.785,365.205,בעינינו
767,365.485,365.906,לתפקיד
768,365.946,366.226,משנה
769,366.266,366.667,בספר
770,366.727,367.107,שלנו?
771,367.868,367.988,לא
772,368.028,368.649,בהכרח.
773,369.129,369.369,נכון
774,369.409,369.89,שדמויות
775,369.95,370.35,משנה
776,370.37,370.711,יכולות
777,370.751,371.131,להוסיף
778,371.211,371.411,צבע
779,371.492,372.012,"ועניין,"
780,372.372,372.533,אבל
781,372.553,372.933,המיקום
782,372.993,373.293,שלהן
783,373.333,373.814,בסיפור
784,373.914,374.254,אינו
785,374.314,374.855,"שרירותי,"
786,375.175,375.536,לפחות
787,375.616,375.736,לא
788,375.776,375.876,אם
789,375.916,376.337,בחרתם
790,376.357,376.737,לכתוב
791,376.757,377.017,לפי
792,377.057,377.398,הדגם
793,377.438,377.918,העלילתי
794,377.938,378.359,הקלאסי
795,378.419,378.539,של
796,378.599,378.999,אריסטו.
797,379.78,380.3,המצב
798,380.38,380.62,שונה
799,380.64,380.72,אם
800,380.76,380.94,אתם
801,381.02,381.38,חושבים
802,381.42,381.8,שאפשר
803,381.84,382.22,לשייך
804,382.24,382.32,את
805,382.36,382.881,כתיבתכם
806,383.241,383.621,לזרם
807,383.681,384.681,הפוסט-מודרני
808,384.741,384.821,או
809,384.861,385.241,לסגנון
810,385.281,385.761,האבסורד
811,385.801,386.241,"למשל,"
812,386.661,386.741,אז
813,386.781,386.961,אתם
814,387.001,387.361,בהחלט
815,387.401,387.741,רשאים
816,387.781,388.121,להכניס
817,388.141,388.662,לספר
818,389.062,389.302,שפע
819,389.362,389.462,של
820,389.522,389.962,יצורים
821,390.002,390.462,משונים
822,390.522,391.002,שמלהיבים
823,391.042,391.142,את
824,391.222,391.782,דמיונכם
825,392.122,392.622,ומספקים
826,392.662,393.042,לגיבור
827,393.142,393.562,חוויות
828,393.602,393.863,מכל
829,393.923,394.143,גוני
830,394.163,395.743,הקשת.
831,395.823,395.983,גם
832,396.003,396.063,אם
833,396.103,396.283,אתם
834,396.363,396.763,כותבים
835,396.823,397.243,בסגנון
836,397.303,397.543,זרם
837,397.583,398.043,"התודעה,"
838,398.503,398.843,מגוון
839,398.863,399.323,הדמויות
840,399.464,399.804,גמיש
841,399.844,400.144,מאוד.
842,400.704,400.944,אבל
843,401.024,401.444,בדגמים
844,401.504,401.984,שמציעים
845,402.084,402.544,אריסטו
846,402.604,403.164,"וקמפל,"
847,403.504,403.744,לכל
848,403.764,403.984,אחת
849,404.044,404.564,מהדמויות
850,404.664,404.924,אמור
851,404.945,405.205,להיות
852,405.305,405.745,תפקיד
853,405.945,406.345,במסעו
854,406.405,406.505,של
855,406.525,406.905,הגיבור.
856,407.725,408.466,בפרקים
857,408.506,408.906,הבאים
858,409.246,409.587,נעסוק
859,409.647,410.067,בפיתוח
860,410.167,410.468,"עלילה,"
861,410.908,411.328,ונלמד
862,411.368,411.448,על
863,411.489,411.929,תפקידים
864,411.989,412.109,של
865,412.189,412.429,שלוש
866,412.57,412.91,דמויות
867,412.97,413.33,משני
868,413.35,413.771,נפוצות
869,413.791,414.511,ושימושיות.
870,414.992,415.472,"הנבל,"
871,415.893,416.473,האנטגוניסט
872,416.513,417.094,שתפקידו
873,417.134,417.494,לשמש
874,417.554,417.854,מכשול
875,417.895,418.375,הגיבור.
876,418.915,419.496,"המנטור,"
877,419.816,420.237,שתפקידו
878,420.257,420.637,לספק
879,420.677,421.118,הנחיה
880,421.178,421.558,ועזרה
881,421.898,422.299,ברגעים
882,422.319,422.919,הקריטיים.
883,423.38,423.86,"האהוב,"
884,424.28,424.481,מושא
885,424.501,425.001,התשוקה
886,425.081,425.502,שמסמל
887,425.542,425.662,את
888,425.682,426.062,היעד
889,426.102,426.202,של
890,426.262,426.503,מסע
891,426.543,426.963,"הגיבור,"
892,427.303,427.844,ותפקידו
893,427.884,428.384,להעניק
894,428.404,428.885,לגיבור
895,429.205,429.766,מוטיבציה
896,429.806,430.186,לפעולה.
897,432.228,432.648,נבלים
898,432.708,432.788,זה
899,432.848,433.268,כיף.
900,434.168,434.348,כבר
901,434.368,434.668,אמרנו
902,434.728,435.189,שסיפור
903,435.229,435.469,אינו
904,435.489,435.709,יכול
905,435.729,436.309,להתקיים
906,436.389,436.549,בלי
907,436.569,436.909,מכשול
908,436.969,437.409,שיאתגר
909,437.489,437.609,את
910,437.629,438.049,הגיבור.
911,438.569,438.669,על
912,438.709,438.889,כך
913,438.949,439.229,נלמד
914,439.289,439.789,בהרחבה
915,440.17,440.47,בפרק
916,440.55,440.87,העוסק
917,440.93,441.29,בפיתוח
918,441.41,441.77,עלילה
919,441.85,442.31,ובתפיסת
920,442.37,442.77,הסיפור
921,442.81,442.89,של
922,442.99,443.93,אריסטו.
923,443.97,444.49,ובינתיים
924,444.53,444.79,עלינו
925,444.81,445.251,לזכור
926,445.591,446.031,שהמכשול
927,446.111,446.371,חשוב
928,446.451,446.531,לא
929,446.591,446.871,פחות
930,446.931,447.491,מהגיבור.
931,447.911,448.391,למעשה
932,448.451,448.851,המכשול
933,449.151,449.271,הוא
934,449.331,449.711,שנותן
935,449.751,450.171,לגיבור
936,450.191,450.312,את
937,450.332,450.852,ההזדמנות
938,450.892,451.252,להיות
939,451.312,451.732,גיבור.
940,452.532,452.812,זוכרים
941,452.852,452.992,את
942,453.052,453.312,דינה
943,453.372,453.732,ובעלה
944,453.792,454.212,מהפרקים
945,454.232,454.712,הקודמים?
946,455.232,455.372,אם
947,455.392,455.513,לא
948,455.573,455.833,יהיה
949,455.853,456.393,"מתנגד,"
950,456.733,456.873,גם
951,456.913,457.033,לא
952,457.093,457.293,יהיה
953,457.353,457.673,גיבור.
954,458.755,459.095,אחד
955,459.135,459.536,מתוצרי
956,459.576,459.896,הלוואי
957,459.916,460.417,הנפלאים
958,460.477,460.597,של
959,460.637,460.957,הצורך
960,461.037,461.518,במכשול
961,461.818,461.898,הוא
962,461.918,462.159,דמות
963,462.179,462.739,"הנבל,"
964,463.06,463.48,שהתפתחה
965,463.52,463.941,בספרות
966,464.001,464.361,במשך
967,464.421,464.641,מאות
968,464.741,465.102,"שנים,"
969,465.402,465.843,ושהגיע
970,465.883,466.243,לשיאים
971,466.343,466.644,בלתי
972,466.684,467.164,נשכחים
973,467.244,467.344,עם
974,467.404,467.765,דמויות
975,467.825,467.985,כמו
976,468.065,468.385,קפטן
977,468.405,468.666,"הוק,"
978,469.066,469.387,קרואלה
979,,,"דה-ויל,"
980,470.247,470.548,גברת
981,470.628,471.028,קולטר
982,471.108,471.609,מהמצפן
983,471.669,472.089,"הזהוב,"
984,472.39,473.01,"וכמובן,"
985,473.351,473.891,וולדמורט.
986,474.432,474.952,לעתים
987,474.992,475.353,הנבל
988,475.513,475.713,כה
989,475.753,476.293,מוצלח
990,476.653,476.833,שהוא
991,476.893,477.374,מאפיל
992,477.394,477.474,על
993,477.514,477.974,הגיבור
994,478.034,478.634,בכריזמה
995,478.674,478.915,שלו.
996,479.455,479.795,חניבעל
997,479.835,480.275,"לקטר,"
998,480.576,480.956,שהחלת
999,480.996,481.416,הקריירה
1000,481.436,481.936,המפוארת
1001,481.996,482.177,שלו
1002,482.217,482.477,כדמות
1003,482.517,483.057,ספרותית
1004,483.397,483.737,ברומן
1005,483.777,483.898,של
1006,483.958,484.318,תומאס
1007,484.338,484.758,"הריס,"
1008,,,התביח
1009,485.498,485.779,אותם
1010,485.839,486.139,עמוק
1011,486.219,486.579,יותר
1012,486.599,487.159,מהגיבורים
1013,487.179,487.56,הטובים
1014,487.62,488.16,שנאבקו
1015,488.22,488.32,בו.
1016,489.121,489.621,בעבורנו
1017,489.661,490.181,"כסופרים,"
1018,490.501,490.782,דמויות
1019,490.822,490.942,של
1020,490.982,491.362,נבלים
1021,491.422,491.542,הן
1022,491.602,492.222,הדובדבן
1023,492.262,493.063,"שבקצפת,"
1024,493.403,493.803,תענוג
1025,493.883,494.244,לכתוב
1026,494.264,494.564,אותן.
1027,495.024,495.324,גיבור
1028,495.364,495.744,נמדד
1029,495.844,495.965,אל
1030,496.005,496.125,מול
1031,496.185,496.565,הנבל
1032,496.625,496.885,"שלו,"
1033,497.165,497.505,ומובן
1034,497.585,497.826,שאין
1035,497.866,498.186,ספר
1036,498.206,498.526,מותח
1037,498.586,498.986,באמת
1038,499.226,499.367,בלי
1039,499.407,499.647,נבל
1040,499.707,500.067,מוצלח.
1041,501.652,501.912,כך
1042,501.952,502.212,אומר
1043,502.252,502.493,המנון
1044,502.553,503.033,ז'קונט.
1045,504.114,504.274,אני
1046,504.354,504.774,מוחה
1047,504.794,504.894,על
1048,504.914,505.354,ההגדרה
1049,505.414,505.875,נבל.
1050,506.375,506.715,כולנו
1051,506.775,507.215,נבלים
1052,507.256,507.716,וכולנו
1053,507.736,508.036,אנשים
1054,508.076,508.536,הגונים.
1055,508.977,509.417,השאלה
1056,509.457,509.617,היא
1057,509.657,509.937,לאן
1058,510.037,510.397,החיים
1059,510.458,510.878,גלגלו
1060,510.898,511.218,אותנו.
1061,511.778,512.139,"לדעתי,"
1062,512.159,512.239,אם
1063,512.319,512.799,במרכזו
1064,512.839,512.939,של
1065,513.019,513.359,ספר
1066,513.499,513.76,עומד
1067,513.84,514.1,נבל
1068,514.14,514.48,"מובהק,"
1069,514.88,515.321,הסיפור
1070,515.361,515.441,לא
1071,515.481,515.961,יתפוס.
1072,516.561,516.902,גיבור
1073,516.982,517.162,טוב
1074,517.222,517.602,שנכנס
1075,517.682,518.282,לסיטואציה
1076,518.382,518.663,רעה
1077,518.963,519.283,הרבה
1078,519.323,519.583,יותר
1079,519.643,519.983,מעניין
1080,520.084,520.704,ומבטיח
1081,520.944,521.064,את
1082,521.104,521.464,ההזדהות
1083,521.504,521.624,של
1084,521.645,522.025,הקוראים.
1085,522.425,523.065,מסתובבים
1086,523.106,523.386,בינינו
1087,523.446,523.806,הרבה
1088,523.826,524.206,אנשים
1089,524.487,524.927,שנקלעים
1090,524.967,525.547,לסיטואציות
1091,525.607,525.948,קשות
1092,526.268,526.808,ונאלצים
1093,526.848,527.269,לפעול
1094,527.329,527.669,בצורה
1095,527.789,527.889,לא
1096,527.969,528.71,"נורמטיבית,"
1097,529.05,529.27,כזו
1098,529.31,529.831,שהוריהם
1099,529.871,530.111,היו
1100,530.131,530.391,אומרים
1101,530.431,530.651,עליה
1102,530.831,530.972,שהיא
1103,531.052,531.312,אינה
1104,531.412,531.772,ראויה.
1105,532.653,532.933,ג'וברן
1106,533.073,533.313,חליל
1107,533.353,533.814,ג'וברן
1108,534.114,534.374,כתב
1109,534.414,534.875,שהרוע
1110,535.195,535.275,הוא
1111,535.335,535.575,טוב
1112,535.635,536.376,שמתייסר.
1113,536.876,537.176,בדרך
1114,537.216,537.437,כלל
1115,537.677,537.777,לא
1116,537.837,538.137,תמצא
1117,538.217,538.517,אדם
1118,538.577,538.978,שכולו
1119,539.058,539.278,"רוע,"
1120,539.698,539.838,אלא
1121,539.878,540.199,אדם
1122,540.259,540.999,שבסיטואציה
1123,541.039,541.66,מסוימת
1124,541.98,542.24,נאלץ
1125,542.38,542.701,לפעול
1126,542.761,543.061,באופן
1127,543.121,543.221,לא
1128,543.281,543.942,נורמטיבי
1129,544.222,544.322,או
1130,544.382,544.502,לא
1131,544.562,544.922,ראוי
1132,545.062,545.343,בעיני
1133,545.383,545.743,החברה.
1134,547.433,547.873,תרגיל
1135,547.913,548.233,נבל.
1136,549.014,549.274,המציא
1137,549.294,549.414,הוא
1138,549.434,549.654,דמות
1139,549.694,549.834,של
1140,549.894,550.274,נבל.
1141,550.715,551.015,השקיעו
1142,551.055,551.435,מחשבה
1143,551.475,551.975,בשאלה
1144,552.035,552.255,מהן
1145,552.315,552.956,המוטיבציות
1146,553.036,553.276,שלו
1147,553.556,553.916,ומדוע
1148,553.956,554.056,הוא
1149,554.136,554.476,פועל
1150,554.556,554.917,בדרך
1151,554.957,555.117,שהוא
1152,555.217,555.497,פועל
1153,555.537,555.617,בה.
1154,556.197,556.517,לאחר
1155,556.577,556.837,מכן
1156,556.877,557.198,חשבו
1157,557.238,557.298,על
1158,557.338,557.738,הכוחות
1159,557.778,558.318,המיוחדים
1160,558.378,558.618,שלו.
1161,559.159,559.319,האם
1162,559.339,559.459,הוא
1163,559.519,559.739,ילד
1164,559.819,560.239,בריון
1165,560.339,560.719,שמציק
1166,560.759,561.139,לגיבור
1167,561.199,561.42,בבית
1168,561.46,561.92,הספר?
1169,562.44,562.82,מדענית
1170,562.88,563.441,שאפתנית
1171,563.721,564.061,שיצאה
1172,564.081,564.361,מכלל
1173,564.421,564.681,שליטה
1174,564.741,565.301,ומשתוקקת
1175,565.321,565.782,להשתלט
1176,565.822,565.902,על
1177,565.922,566.242,העולם?
1178,566.502,567.242,נסו
1179,567.262,567.542,לבנות
1180,567.622,567.822,דמות
1181,567.882,568.302,"מקורית,"
1182,568.582,569.103,ולהעניק
1183,569.143,569.523,לנבל
1184,569.583,569.983,שלכם
1185,570.283,570.443,כוח
1186,570.523,570.963,ייחודי.
1187,571.983,572.083,אם
1188,572.163,572.323,כבר
1189,572.403,572.543,יש
1190,572.603,572.804,לכם
1191,572.844,573.024,כתב
1192,573.084,573.224,יד
1193,573.264,573.364,של
1194,573.424,573.784,"ספר,"
1195,574.164,574.484,אתרו
1196,574.524,574.844,בתוכו
1197,574.884,575.004,את
1198,575.064,575.304,דמות
1199,575.344,575.524,האיש
1200,575.664,575.944,"הרע,"
1201,576.304,576.384,זה
1202,576.444,576.945,שמונע
1203,576.985,577.485,מהגיבור
1204,577.525,577.645,או
1205,577.685,578.225,מהגיבורה
1206,578.505,578.845,להשיג
1207,578.865,578.965,את
1208,578.985,579.445,המטרות
1209,579.505,579.865,שלהם.
1210,580.345,580.565,נסו
1211,580.605,581.065,להעמיק
1212,581.226,581.846,במוטיבציות
1213,581.886,582.026,של
1214,582.066,582.446,הרשע.
1215,582.906,583.306,זיכרו
1216,583.366,583.446,כי
1217,583.486,583.586,הוא
1218,583.626,583.926,אינו
1219,583.966,584.286,מחסום
1220,584.326,584.606,עשוי
1221,584.666,585.066,בטון
1222,585.407,585.687,שעומד
1223,585.747,586.147,בדרכם
1224,586.207,586.307,של
1225,586.327,586.887,"הגיבורים,"
1226,587.247,587.407,אלא
1227,587.467,587.827,אדם
1228,587.887,588.247,בשר
1229,588.327,588.707,ודם
1230,588.767,588.947,בעל
1231,589.007,589.528,"אג'נדה,"
1232,589.848,590.288,רגשות
1233,590.408,590.928,וצרכים
1234,590.948,591.168,משל
1235,591.208,591.488,עצמו.
1236,0.548,1.168,"המנטור,"
1237,1.388,1.768,מדריך
1238,1.828,2.228,לחיים.
1239,3.469,3.849,בדגמים
1240,3.869,4.409,הסיפוריים
1241,4.449,4.909,שקמבל
1242,4.949,5.389,"מציע,"
1243,5.729,6.249,בהגיבור
1244,6.329,6.489,בעל
1245,6.549,6.769,אלף
1246,6.789,7.21,"הפנים,"
1247,7.55,7.99,שנרחיב
1248,8.03,8.31,עליהם
1249,8.35,8.69,בפרק
1250,8.73,9.07,שעוסק
1251,9.13,9.49,בפיתוח
1252,9.61,9.97,"עלילה,"
1253,10.53,10.83,מופיעה
1254,10.93,11.15,דמות
1255,11.23,11.531,משנה
1256,11.551,11.931,נוספת
1257,11.991,12.491,ונפוצה
1258,12.571,12.911,בעלת
1259,12.951,13.351,חשיבות
1260,13.411,13.851,עצומה
1261,13.911,14.411,בסיפורים
1262,14.491,14.811,רבים.
1263,15.331,15.932,המנטור.
1264,16.612,17.052,מנטור
1265,17.392,17.492,הוא
1266,17.572,17.792,שם
1267,17.852,17.992,של
1268,18.052,18.272,דמות
1269,18.352,18.952,מהמיתולוגיה
1270,18.992,19.552,"היוונית,"
1271,19.872,20.173,המורה
1272,20.193,20.313,של
1273,20.373,21.053,"טלמחוס,"
1274,21.073,21.213,בנו
1275,21.253,21.373,של
1276,21.393,21.913,אודיסאוס.
1277,22.233,23.074,כשאודיסאוס
1278,23.094,23.434,הפליג
1279,23.454,23.854,להילחם
1280,23.914,24.394,"בטרויה,"
1281,24.695,24.775,הוא
1282,24.815,25.155,השאיר
1283,25.195,25.275,את
1284,25.375,25.575,בנו
1285,25.615,26.195,בהשגחתו
1286,26.236,26.376,של
1287,26.456,26.956,מנטור.
1288,27.576,27.857,מאז
1289,27.917,28.137,ועד
1290,28.197,28.577,היום
1291,28.617,28.937,נעשתה
1292,29.077,29.558,"מנטור,"
1293,29.858,30.118,מילה
1294,30.158,30.538,נרדפת
1295,30.598,31.119,"לחונך,"
1296,31.319,31.659,"מורה,"
1297,31.959,32.419,ומדריך
1298,32.479,32.68,בעל
1299,32.72,32.92,ידע
1300,32.98,33.44,וניסיון
1301,33.54,33.86,רבים
1302,33.9,34.16,מאלו
1303,34.201,34.321,של
1304,34.341,34.821,"הגיבור,"
1305,35.141,35.241,או
1306,35.281,35.481,בעל
1307,35.501,35.902,השקפת
1308,35.942,36.202,עולם
1309,36.262,36.702,"בוגרת,"
1310,36.842,37.162,ובשלה
1311,37.302,37.523,יותר.
1312,38.163,38.743,המנטור
1313,38.803,39.083,מופיע
1314,39.123,39.504,בסוגים
1315,39.584,39.884,רבים
1316,39.944,40.064,של
1317,40.104,40.484,"עלילות,"
1318,40.804,41.244,ובייחוד
1319,41.284,41.764,בסיפורי
1320,41.824,42.205,חניכה.
1321,42.705,43.005,אחרי
1322,43.045,43.345,"הכל,"
1323,43.505,43.805,מישהו
1324,43.885,44.145,צריך
1325,44.185,44.546,לפעמים
1326,44.586,44.826,לתת
1327,44.846,45.206,לגיבור
1328,45.266,45.546,שלנו
1329,45.606,45.866,עצה
1330,45.926,46.166,"טובה,"
1331,46.626,46.927,לכוון
1332,46.967,47.107,אותו
1333,47.147,47.627,"בדרכו,"
1334,48.027,48.587,ולהזכיר
1335,48.647,48.747,לו
1336,48.927,48.987,את
1337,49.047,49.328,סדר
1338,49.368,49.908,העדיפויות
1339,49.928,50.248,הנכון
1340,50.288,50.688,בחיים.
1341,51.608,51.769,שימו
1342,51.809,51.949,לב
1343,51.969,52.289,לעובדה
1344,52.349,52.909,מעניינת.
1345,53.389,53.769,דמותו
1346,53.829,53.929,של
1347,53.989,54.51,המנטור
1348,54.67,55.13,מדגישה
1349,55.19,55.67,בפנינו
1350,56.05,56.51,שהגיבור
1351,56.57,56.851,אינו
1352,56.891,57.291,בהכריח
1353,57.311,57.691,הדמות
1354,57.731,58.171,החזקה
1355,58.231,58.571,ביותר
1356,58.631,59.132,"בסיפור,"
1357,59.472,60.032,ובוודאי
1358,60.232,60.352,לא
1359,60.412,60.532,מי
1360,60.592,60.972,שיודע
1361,61.052,61.172,טוב
1362,61.252,61.673,מכולם
1363,61.733,62.093,כיצד
1364,62.133,62.513,לפעול.
1365,62.733,63.393,לעתים
1366,63.493,63.954,קרובות
1367,64.254,64.694,המנטור
1368,64.754,65.014,יודע
1369,65.094,65.395,יותר
1370,65.435,66.055,מהגיבור
1371,66.375,66.896,ולפעמים
1372,66.956,67.016,הוא
1373,67.056,67.176,גם
1374,67.296,67.656,חזק
1375,67.696,68.036,ממנו
1376,68.296,68.597,ובעל
1377,68.637,68.857,כוחות
1378,68.957,69.437,עדיפים.
1379,70.238,70.638,תפקידו
1380,70.678,70.778,של
1381,70.818,71.278,המנטור
1382,71.338,71.759,מחדד
1383,71.839,72.339,וממחיש
1384,72.359,72.459,את
1385,72.479,72.839,העובדה
1386,73.179,73.76,שהגיבור
1387,73.82,73.94,הוא
1388,73.98,74.06,מי
1389,74.1,74.62,שפתוח
1390,74.66,75.101,"ללמוד,"
1391,75.381,75.481,מי
1392,75.521,75.861,שעושה
1393,75.881,75.961,את
1394,75.981,76.642,התהליך.
1395,77.422,77.862,למעשה
1396,77.902,78.283,בדגם
1397,78.303,78.703,הסיפור
1398,78.743,79.303,הקלאסי
1399,79.603,80.124,הגיבור
1400,80.244,80.544,אינו
1401,80.564,80.984,המורה
1402,81.345,81.485,אלא
1403,81.525,82.025,התלמיד.
1404,83.354,83.694,שאלה
1405,83.754,84.235,למחשבה.
1406,84.795,84.935,האם
1407,84.955,85.155,אתם
1408,85.175,85.475,יכולים
1409,85.495,85.876,לחשוב
1410,85.976,86.056,על
1411,86.136,86.416,שלוש
1412,86.496,86.776,דמויות
1413,86.836,86.956,של
1414,87.036,87.477,מנטורים
1415,87.497,87.877,בספרים
1416,87.937,88.557,שאהבתם?
1417,89.298,89.478,האם
1418,89.538,89.698,יש
1419,89.718,89.918,בהם
1420,89.998,90.398,נשים?
1421,91.599,91.779,כך
1422,91.819,92.12,אומר
1423,92.28,92.7,אופיר
1424,92.78,93.06,טושה
1425,93.1,93.5,גפלה.
1426,94.501,94.761,כשאני
1427,94.841,95.061,חושב
1428,95.101,95.161,על
1429,95.221,95.482,מנטור
1430,95.542,95.962,ספרותי
1431,96.022,96.442,שחביב
1432,96.462,96.762,"עליי,"
1433,97.103,97.283,צץ
1434,97.343,97.703,בראשי
1435,97.743,97.903,מר
1436,97.963,98.443,ורטיגו
1437,98.504,98.664,מאת
1438,98.724,98.884,פול
1439,98.924,99.384,"אוסטר,"
1440,99.824,100.064,ובו
1441,100.085,100.405,המאסטר
1442,100.445,100.905,יהודי
1443,100.945,101.245,מלמד
1444,101.265,101.325,את
1445,101.385,101.746,הגיבור
1446,101.786,102.346,לרחף.
1447,103.006,103.387,במחשבה
1448,103.467,103.787,"שנייה,"
1449,104.287,104.407,אני
1450,104.447,104.747,מעדיף
1451,104.807,105.048,מנטור
1452,105.108,105.608,ספרותי
1453,105.908,106.148,מזן
1454,106.168,106.368,אחר
1455,106.428,106.929,לחלוטין.
1456,107.249,107.649,כמו
1457,107.709,108.169,בספר
1458,108.369,108.61,בתוך
1459,108.67,108.89,אדם
1460,108.95,109.29,אחד
1461,109.35,109.53,מאת
1462,109.61,109.79,ג'ון
1463,109.85,110.27,אירווינג.
1464,110.811,110.951,רוב
1465,110.991,111.291,ספריו
1466,111.371,111.471,של
1467,111.511,111.851,אירווינג
1468,111.911,112.271,מציגים
1469,112.311,112.571,קשת
1470,112.591,112.952,רחבה
1471,112.992,113.232,לאין
1472,113.292,113.592,שיעור
1473,113.632,113.752,של
1474,113.772,114.152,"דמויות,"
1475,114.532,114.752,ממש
1476,114.852,115.453,דיקנסיאנית
1477,115.513,115.953,בהיקפה.
1478,116.633,116.873,בתוך
1479,116.933,117.153,אדם
1480,117.213,117.473,אחד
1481,117.634,117.714,הוא
1482,117.734,117.794,לא
1483,117.834,118.314,יצירתו
1484,118.354,118.654,הגדולה
1485,118.714,119.134,"ביותר,"
1486,119.634,119.795,אבל
1487,119.875,120.035,גם
1488,120.095,120.215,בה
1489,120.255,120.515,אפשר
1490,120.555,120.835,למצוא
1491,120.875,120.975,את
1492,120.995,121.375,הקסם
1493,121.415,121.855,הייחודי
1494,121.895,122.076,שלו
1495,122.136,122.656,"כסופר,"
1496,123.016,123.216,ואת
1497,123.276,123.776,המחויבות
1498,123.876,124.296,מעוררת
1499,124.317,124.757,ההשתאות
1500,124.797,125.057,"שלו,"
1501,125.337,125.737,להיכרות
1502,125.797,126.257,מעמיקה
1503,126.297,126.357,עם
1504,126.457,126.658,חיי
1505,126.738,127.158,גיבוריו.
1506,127.718,128.138,גיבור
1507,128.158,128.539,הספר
1508,128.599,128.679,הוא
1509,128.739,128.879,נער
1510,129.059,129.199,דו
1511,129.219,129.599,מיני
1512,129.78,130.28,שמתאהב
1513,130.34,130.981,בספרנית
1514,131.061,131.241,מיס
1515,131.321,131.741,"פרוסט,"
1516,132.322,132.462,אבל
1517,132.542,132.702,גם
1518,132.762,133.082,בנער
1519,133.162,133.663,מנבחרת
1520,133.683,134.283,"היאבקות,"
1521,134.563,134.843,באביו
1522,134.863,135.344,החורג
1523,135.364,135.964,ובחברתו
1524,135.984,136.325,הטובה.
1525,137.085,137.385,הנער
1526,137.465,137.626,שלא
1527,137.666,137.926,מפסיק
1528,137.966,138.486,להתאהב
1529,138.566,138.967,באנשים
1530,139.007,139.147,הלא
1531,139.207,139.647,נכונים
1532,140.027,140.288,הולך
1533,140.328,140.868,לספרייה
1534,140.928,141.268,ומחפש
1535,141.328,141.749,ספרים
1536,142.109,142.509,שעוסקים
1537,142.549,142.99,באנשים
1538,143.05,143.67,שמתאהבים
1539,143.71,144.131,באנשים
1540,144.171,144.351,הלא
1541,144.411,144.871,"נכונים,"
1542,145.271,145.572,ומיס
1543,145.612,146.012,פרוסט
1544,146.272,146.613,נותנת
1545,146.633,146.673,לו
1546,146.733,146.813,את
1547,146.873,147.213,אנקת
1548,147.253,147.673,גבהים
1549,147.833,148.074,ואת
1550,148.114,148.254,ג'יין
1551,148.374,149.235,אר.
1552,149.255,149.635,בהמשך
1553,149.695,149.935,תיתן
1554,149.995,150.055,לו
1555,150.095,150.175,גם
1556,150.235,150.375,את
1557,150.395,150.696,החדר
1558,150.736,150.856,של
1559,150.876,151.316,ג'וואני
1560,151.356,151.476,של
1561,151.516,151.797,ג'יימס
1562,151.837,152.297,"בולדווין,"
1563,152.737,152.917,ומה
1564,152.957,153.278,שיקרה
1565,153.298,153.478,אחר
1566,153.538,153.658,כך
1567,153.678,153.898,הוא
1568,153.958,154.178,כבר
1569,154.258,154.499,בלתי
1570,154.559,154.819,נמנע.
1571,155.039,155.899,ספרנים
1572,155.939,156.64,"וספרניות,"
1573,156.72,157.06,בייחוד
1574,157.14,157.4,כאלה
1575,157.46,157.88,שיודעים
1576,157.92,158.28,להפנות
1577,158.3,158.38,את
1578,158.4,158.78,האצבע
1579,158.82,159.18,המורה
1580,159.521,159.881,בכיוון
1581,159.901,160.281,"הנכון,"
1582,160.621,161.141,ולהעשיר
1583,161.161,161.241,את
1584,161.261,161.681,השכלתם
1585,161.721,162.162,התרבותית
1586,162.202,162.342,של
1587,162.382,162.862,"הקוראים,"
1588,163.342,163.562,הם
1589,163.622,164.022,בעיניי
1590,164.082,164.602,מנטורים
1591,164.942,165.183,שאין
1592,165.223,165.383,להם
1593,165.423,165.903,אח_ורע
1594,166.483,167.003,מיס_פרוסט
1595,167.023,167.143,היא
1596,167.163,167.383,אחת
1597,167.443,167.723,"כזאת,"
1598,168.124,168.344,ואני
1599,168.384,168.884,מתאפק
1600,168.924,169.024,לא
1601,169.044,169.384,לחשוף
1602,169.424,169.604,כאן
1603,169.944,169.984,מה
1604,170.024,170.284,הופך
1605,170.304,170.384,אותה
1606,170.504,170.865,באמת
1607,170.905,171.365,למנטורית
1608,171.405,171.765,החביבה
1609,171.845,172.125,עליי.
1610,173.486,173.906,מספריו
1611,173.966,174.106,של
1612,174.126,174.446,אופיר
1613,,,טושה
1614,,,גפלה
1615,175.946,176.186,עולם
1616,176.226,177.107,"הסוף,"
1617,,,2004
1618,178.127,178.367,ביום
1619,178.427,178.987,שהמוזיקה
1620,179.027,179.688,"מתה,"
1621,,,2010
1622,180.988,181.328,הרגע
1623,,,אשרי
1624,,,"דומים,"
1625,,,2022
1626,185.144,185.364,לא
1627,185.464,185.645,כל
1628,185.665,186.125,החונכים
1629,186.185,186.285,הם
1630,186.365,186.786,זקנים
1631,186.806,187.406,"וחכמים,"
1632,187.787,188.107,בעלי
1633,188.167,188.467,כוחות
1634,188.507,188.908,קסומים
1635,188.988,189.148,כמו
1636,189.228,189.769,"גנדלף,"
1637,189.849,190.369,דמבלדור
1638,190.429,190.569,או
1639,190.63,190.93,מאסטר
1640,190.99,191.27,יודה.
1641,191.871,192.011,ולא
1642,192.071,192.311,תמיד
1643,192.351,192.892,המנטור
1644,192.952,193.092,הוא
1645,193.192,193.532,האדם
1646,193.593,193.973,שאנחנו
1647,193.993,194.373,מצפים
1648,194.433,194.854,שיהיה.
1649,195.454,195.595,את
1650,195.635,196.015,המנטור
1651,196.055,196.395,יכולה
1652,196.415,196.796,לגלם
1653,196.856,196.996,גם
1654,197.056,197.276,דמות
1655,197.336,197.737,מפתיעה
1656,198.177,198.698,שמעניקה
1657,198.718,199.218,לסיפור
1658,199.358,199.859,רעננות
1659,199.919,200.399,והומור.
1660,201.12,201.42,חשבו
1661,201.46,201.861,למשל
1662,201.881,201.961,על
1663,202.041,202.461,שרלוט
1664,202.542,203.082,העכבישה
1665,203.182,203.643,בספר
1666,203.723,204.123,הרשת
1667,204.183,204.303,של
1668,204.363,204.864,שרלוט
1669,204.904,205.104,מאת
1670,205.164,205.384,איבי
1671,205.464,205.785,"ווייט,"
1672,205.985,206.765,שכותבת
1673,206.825,207.145,הודעות
1674,207.185,207.666,לווילבור
1675,207.706,208.206,החזיר
1676,208.526,208.986,באמצעות
1677,209.066,209.306,רשת
1678,209.326,209.726,הקוראים
1679,209.786,210.006,"שלה,"
1680,210.246,210.647,ומצילה
1681,210.667,210.887,אותו
1682,210.907,211.427,משחיתה.
1683,211.927,212.287,שרלוט
1684,212.347,212.887,"מעודדת,"
1685,213.027,213.468,"תומכת,"
1686,213.548,213.948,נדיבה
1687,213.988,214.488,וחכמה.
1688,214.908,215.068,היא
1689,215.088,215.488,מנטורית
1690,215.548,215.968,מוצלחת
1691,215.988,216.208,לכל
1692,216.248,217.769,הדעות.
1693,217.889,218.209,תרגיל
1694,218.269,218.729,מנטור
1695,219.289,219.55,כתבו
1696,219.61,219.91,סיפור
1697,219.95,220.29,קצר
1698,220.31,220.37,על
1699,220.43,220.75,גיבור
1700,220.81,221.25,שנמצא
1701,221.29,221.83,"במצוקה,"
1702,222.19,222.571,ופוגש
1703,222.671,222.911,דמות
1704,222.991,223.411,מפתיעה
1705,223.511,223.891,ובלתי
1706,223.931,224.391,רגילה
1707,224.451,224.571,של
1708,224.671,225.191,מנטור.
1709,225.672,226.112,בהתחלה
1710,226.172,226.272,הוא
1711,226.292,226.572,אינו
1712,226.612,227.012,מאמין
1713,227.312,227.952,שהמנטור
1714,227.992,228.092,הזה
1715,228.112,228.373,יכול
1716,228.393,228.853,לסייע
1717,228.913,229.033,"לו,"
1718,229.453,229.593,אבל
1719,229.633,229.773,עם
1720,229.813,230.213,הזמן
1721,230.273,230.393,הוא
1722,230.413,230.713,לומד
1723,230.773,231.434,שהמנטור
1724,231.714,231.954,יכול
1725,231.994,232.354,לחלץ
1726,232.414,232.614,אותו
1727,232.654,233.294,"ממצוקתו,"
1728,233.574,233.994,ואולי
1729,234.034,234.194,גם
1730,234.234,234.615,להציל
1731,234.635,234.715,את
1732,234.795,235.115,חייו.
1733,235.735,236.255,אם
1734,236.315,236.455,כבר
1735,236.535,236.676,יש
1736,236.736,236.956,לכם
1737,237.016,237.276,כתב
1738,237.296,237.436,יד
1739,237.496,237.596,של
1740,237.656,238.036,"ספר,"
1741,238.377,238.617,נסו
1742,238.637,238.937,לבדוק
1743,239.017,239.157,אם
1744,239.217,239.417,דמות
1745,239.537,239.918,המנטור
1746,239.958,240.298,מופיעה
1747,240.338,240.798,אצלכם.
1748,241.258,241.338,זו
1749,241.378,241.639,יכולה
1750,241.699,241.979,להיות
1751,242.059,242.219,כל
1752,242.299,242.499,דמות
1753,242.559,243.08,שמכוונת
1754,243.1,243.26,את
1755,243.28,243.64,הגיבור
1756,243.7,244.18,בדרכו
1757,244.48,244.56,או
1758,244.62,245.041,מלמדת
1759,245.061,245.221,אותו
1760,245.261,245.641,משהו.
1761,246.201,246.402,אולי
1762,246.462,246.742,אפילו
1763,246.822,247.062,כמה
1764,247.162,247.462,דמויות
1765,247.542,247.862,שונות
1766,247.943,248.383,שהגיבור
1767,248.443,248.703,פוגש
1768,248.743,249.123,בשלבים
1769,249.203,249.443,שונים
1770,249.463,249.964,בחייו.
1771,250.784,251.385,האינטראקציה
1772,251.425,251.505,עם
1773,251.545,251.985,המנטור
1774,252.025,252.325,יכולה
1775,252.385,252.665,להיות
1776,252.745,253.306,ממושכת
1777,253.646,253.746,או
1778,253.826,254.186,חטופה.
1779,254.787,255.007,נסו
1780,255.027,255.487,להוציא
1781,255.507,255.687,ממנה
1782,255.707,255.827,את
1783,255.867,256.288,המרב
1784,256.588,257.088,ולהעניק
1785,257.128,257.508,לגיבור
1786,257.568,257.949,שלכם
1787,258.049,258.289,רגע
1788,258.329,258.429,של
1789,258.509,258.989,"תובנה,"
1790,259.39,259.65,כלים
1791,259.71,260.13,נפשיים
1792,260.23,260.35,או
1793,260.39,260.971,מחשבתיים
1794,261.031,261.331,בעלי
1795,261.391,261.711,ערך
1796,262.071,262.191,שהוא
1797,262.231,262.471,יכול
1798,262.492,262.992,להשתמש
1799,263.052,263.232,בהם.
1800,265.199,265.88,להתאהב
1801,265.92,266.18,"בהם,"
1802,266.681,266.961,דמות
1803,267.041,267.502,האהוב
1804,267.722,267.862,או
1805,267.882,268.343,האהובה.
1806,269.504,269.985,בסיפורים
1807,270.085,270.406,רבים
1808,270.546,270.946,מופיעות
1809,271.026,271.327,דמויות
1810,271.367,271.507,של
1811,271.547,271.867,אהוב
1812,272.208,272.729,שהגיבור
1813,272.789,273.249,משתוקק
1814,273.269,273.81,להתאחד
1815,273.83,274.09,איתו.
1816,274.651,274.971,מלבד
1817,275.052,275.452,תפיסת
1818,275.492,275.812,העולם
1819,275.873,276.433,הרומנטית
1820,276.493,276.954,שהדמויות
1821,276.994,277.174,האלה
1822,277.214,277.755,"מייצגות,"
1823,278.196,278.316,יש
1824,278.396,278.596,בהן
1825,278.656,278.936,משום
1826,279.057,279.197,כלי
1827,279.257,279.617,סיפורי
1828,279.697,280.118,שימושי
1829,280.198,280.518,ובעל
1830,280.538,280.779,עוצמה
1831,280.859,281.199,אדירה.
1832,281.72,282.1,מי
1833,282.221,282.401,עוד
1834,282.461,282.761,יכול
1835,282.801,283.181,להניע
1836,283.202,283.322,את
1837,283.342,283.762,הגיבור
1838,283.822,284.182,שלנו
1839,284.523,284.903,לחצות
1840,284.983,285.304,שבעה
1841,285.364,286.124,"אוקיינוסים,"
1842,286.465,286.805,להציל
1843,286.905,287.125,שבע
1844,287.266,287.686,"ממלכות,"
1845,287.986,288.066,או
1846,288.086,288.387,לטעום
1847,288.467,288.647,פיתה
1848,288.727,288.827,עם
1849,288.867,289.188,עמבה?
1850,289.948,290.289,דמותו
1851,290.329,290.429,של
1852,290.489,290.829,האהוב
1853,290.909,291.23,יכולה
1854,291.27,291.67,לספק
1855,291.73,292.111,לגיבור
1856,292.171,292.511,שלנו
1857,292.831,293.312,מוטיבציה
1858,293.412,293.692,כמעט
1859,293.752,294.073,לכל
1860,294.173,294.553,"פעולה,"
1861,294.953,295.094,גם
1862,295.134,295.234,אם
1863,295.254,295.354,היא
1864,295.374,295.734,נטולת
1865,295.754,296.175,היגיון
1866,296.255,296.415,או
1867,296.435,296.715,אפילו
1868,296.735,297.396,הרסנית.
1869,297.976,298.397,הגיבורה
1870,298.477,298.897,קופצת
1871,298.978,299.278,מראש
1872,299.298,299.618,מגדל
1873,299.678,299.898,כדי
1874,299.918,300.339,להרשים
1875,300.359,300.459,את
1876,300.479,300.799,הנער
1877,300.859,301.06,שהיא
1878,301.08,301.54,מאוהבת
1879,301.58,301.72,בו?
1880,302.161,302.441,"היי,"
1881,302.781,302.861,זה
1882,302.881,303.222,לגמרי
1883,303.242,303.602,הגיוני.
1884,304.383,304.683,על
1885,304.703,305.243,התעתוע
1886,305.323,305.743,שעלולה
1887,305.803,306.144,לטמון
1888,306.184,306.584,בחובה
1889,306.684,306.984,דמותו
1890,307.044,307.144,של
1891,307.244,307.604,האהוב
1892,307.944,308.124,כבר
1893,308.164,308.424,עמדו
1894,308.504,308.884,סופרים
1895,308.944,309.285,גדולים
1896,309.385,309.525,כמו
1897,309.585,310.085,טולסטוי
1898,310.125,310.685,ופלובר.
1899,311.325,311.905,המאהבים
1900,311.965,312.085,של
1901,312.145,312.446,גיבורות
1902,312.546,313.086,"ספריהם,"
1903,313.406,313.586,אנה
1904,313.626,314.086,קרנינה
1905,314.226,314.546,ומאדאם
1906,314.626,314.946,בוברי
1907,314.986,315.467,"בהתאמה,"
1908,315.987,316.047,לא
1909,316.107,316.527,הוכיחו
1910,316.547,316.647,את
1911,316.667,316.987,עצמם
1912,317.067,317.587,כמשענת
1913,317.627,317.947,יציבה
1914,318.027,318.507,"במיוחד,"
1915,318.908,319.448,ולמעשה
1916,319.488,319.748,היו
1917,319.848,320.388,פנטזיה
1918,320.428,320.908,הרסנית
1919,321.268,321.789,שהובילה
1920,321.889,322.249,לאובדן
1921,322.329,322.729,הגיבורה.
1922,323.249,323.569,אין
1923,323.609,323.689,זה
1924,323.729,323.969,"אומר,"
1925,324.029,324.47,"כמובן,"
1926,324.79,325.03,שאין
1927,325.09,325.25,גם
1928,325.35,325.711,אהובים
1929,325.751,326.131,ואהובות
1930,326.171,326.691,ספרותיים
1931,326.751,327.171,שיכולים
1932,327.191,327.552,להוביל
1933,327.572,327.792,לסוף
1934,327.892,328.172,שמח
1935,328.312,328.612,יותר.
1936,329.333,329.553,אחד
1937,329.573,329.873,הדברים
1938,329.933,330.353,שמפתיעים
1939,330.393,330.573,אותי
1940,330.593,330.854,בכל
1941,330.914,331.094,פעם
1942,331.114,331.534,"מחדש,"
1943,331.894,332.134,כשאני
1944,332.174,332.395,קוראת
1945,332.455,332.755,כתבי
1946,332.775,333.035,"יד,"
1947,333.315,333.415,הוא
1948,333.495,333.575,עד
1949,333.655,333.976,כמה
1950,334.096,334.516,חסרת
1951,334.596,335.016,ממשות
1952,335.136,335.376,דמות
1953,335.436,335.917,האהוב.
1954,336.657,336.837,אצל
1955,336.857,336.977,לא
1956,337.037,337.238,מעט
1957,337.318,337.718,כותבים
1958,338.078,338.478,מתחילים
1959,338.538,338.979,האהובים
1960,339.119,339.419,חסרי
1961,339.439,339.759,ייחוד
1962,339.799,340.099,ואופי
1963,340.139,340.339,משל
1964,340.379,340.78,"עצמם,"
1965,341.16,341.32,והם
1966,341.34,341.86,מתפקדים
1967,341.96,342.421,כמראה
1968,342.501,342.881,ריקה
1969,343.241,343.802,שמשקפת
1970,343.822,343.902,את
1971,343.922,344.522,הפנטזיות
1972,344.542,344.642,של
1973,344.682,345.022,הגיבור
1974,345.062,345.122,או
1975,345.142,345.583,הגיבורה.
1976,346.203,346.363,קל
1977,346.383,346.663,ליפול
1978,346.703,347.244,במלכודת
1979,347.264,347.464,הזו.
1980,347.944,348.184,לכן
1981,348.224,348.705,כשאנחנו
1982,348.745,349.165,ניגשים
1983,349.205,349.585,לכתיבת
1984,349.665,349.985,דמותו
1985,350.025,350.145,של
1986,350.205,350.646,"האהוב,"
1987,351.146,351.486,עלינו
1988,351.526,351.866,להיות
1989,351.967,352.387,זהירים.
1990,352.747,353.468,זכרו
1991,353.528,353.748,שלא
1992,353.808,354.249,מדובר
1993,354.429,354.629,רק
1994,354.709,355.17,בפונקציה
1995,355.21,355.771,עלילתית
1996,356.091,356.532,שנועדה
1997,356.592,356.852,לתת
1998,356.892,357.273,לגיבור
1999,357.333,357.993,מוטיבציה
2000,358.294,358.634,לעבור
2001,358.654,358.754,את
2002,358.774,359.115,המסע
2003,359.135,359.676,הסיפורי
2004,359.896,360.497,ולהתמודד
2005,360.517,360.577,עם
2006,360.617,360.917,קשיים
2007,360.957,361.478,ותלאות.
2008,362.319,362.619,מומלץ
2009,362.739,363.08,לבדוק
2010,363.16,363.6,בשבע
2011,363.66,364.001,עיניים
2012,364.041,364.161,את
2013,364.221,364.642,"האהוב,"
2014,365.062,365.463,ולוודא
2015,365.503,366.083,שמדובר
2016,366.304,366.624,בדמות
2017,366.664,366.804,של
2018,366.864,367.245,"ממש,"
2019,367.645,367.966,בעלת
2020,368.026,368.366,"חיים,"
2021,368.707,369.267,"רצונות,"
2022,369.588,370.068,תשוקות
2023,370.369,370.849,ורגשות
2024,370.889,371.11,משל
2025,371.15,371.41,עצמה.
2026,372.929,373.329,תרגיל
2027,373.369,373.689,אהוב
2028,373.769,373.869,או
2029,373.929,374.289,אהובה.
2030,375.03,375.29,כתבו
2031,375.35,375.65,סיפור
2032,375.71,376.05,קצר
2033,376.07,376.13,על
2034,376.19,376.43,גיבור
2035,376.45,376.49,או
2036,376.51,376.83,גיבורה
2037,377.01,377.611,שמתאהבים
2038,377.651,378.151,במישהו
2039,378.211,378.411,בעל
2040,378.451,378.771,תכונות
2041,378.811,379.291,"מפתיעות,"
2042,379.411,379.951,"מקוריות,"
2043,380.372,380.652,שאינו
2044,380.692,381.172,בהכרח
2045,381.192,381.772,הגשמה
2046,381.812,381.932,של
2047,381.952,382.512,הפנטזיות
2048,382.552,382.913,שלהם.
2049,383.553,383.673,אם
2050,383.713,383.853,כבר
2051,383.913,384.053,יש
2052,384.113,384.313,לכם
2053,384.373,384.593,כתב
2054,384.613,384.733,יד
2055,384.793,384.873,של
2056,384.953,385.313,"ספר,"
2057,385.694,386.014,בדקו
2058,386.054,386.154,את
2059,386.214,386.474,דמות
2060,386.514,386.854,האהוב
2061,386.934,387.114,או
2062,387.134,387.594,האהובה
2063,387.954,388.414,וודאו
2064,388.495,388.655,שהיא
2065,388.735,389.035,אינה
2066,389.055,389.255,רק
2067,389.315,389.615,פתרון
2068,389.675,390.115,עלילתי
2069,390.155,390.375,נוח
2070,390.435,390.895,"וזמין,"
2071,391.215,391.316,אלא
2072,391.396,391.596,דמות
2073,391.656,392.216,"מאופיינת,"
2074,392.516,392.676,חד
2075,392.736,393.176,"פעמית,"
2076,393.556,393.756,בעלת
2077,393.836,394.317,תכונות
2078,394.517,395.017,ורצונות
2079,395.077,395.437,משלה.
2080,397.347,397.687,ליהוק
2081,397.807,398.168,דמויות
2082,398.208,398.628,המשנה
2083,399.569,400.01,דיברנו
2084,400.03,400.11,על
2085,400.15,400.49,סוגים
2086,400.51,400.991,מסוימים
2087,401.031,401.151,של
2088,401.191,401.511,דמויות
2089,401.592,401.932,"משנה,"
2090,402.232,402.392,אבל
2091,402.452,402.833,ברומן
2092,402.913,403.273,מופיעות
2093,403.333,403.694,בדרך
2094,403.714,403.874,כלל
2095,403.914,404.254,דמויות
2096,404.334,404.675,"רבות,"
2097,405.115,405.496,וברור
2098,405.556,405.776,שלא
2099,405.796,406.036,לכל
2100,406.056,406.337,אחת
2101,406.377,406.597,מהן
2102,406.637,406.757,יש
2103,406.817,407.137,תפקיד
2104,407.198,407.438,ברור
2105,407.518,408.058,ומוגדר
2106,408.339,408.519,כמו
2107,408.559,408.999,"לנבל,"
2108,409.16,409.62,למנטור
2109,409.68,410.201,ולאהוב.
2110,410.942,411.242,כיצד
2111,411.322,411.762,תבחרו
2112,411.782,411.863,את
2113,411.903,412.303,הדמויות
2114,412.343,412.784,המתאימות
2115,412.824,413.204,לסיפור
2116,413.264,413.725,שלכם?
2117,414.706,415.246,החשיבה
2118,415.266,415.827,התסריטאית
2119,415.887,416.187,מציעה
2120,416.267,416.568,מודל
2121,416.588,416.828,פשוט
2122,416.888,417.428,ומאורגן
2123,417.789,418.209,שנקרא
2124,418.309,418.81,מולקולת
2125,418.91,419.29,דמויות.
2126,419.791,420.431,הרעיון
2127,420.471,420.591,הוא
2128,420.631,420.731,של
2129,420.771,421.071,הגיבור
2130,421.091,421.532,המרכזי
2131,421.572,421.632,יש
2132,421.692,422.212,קונפליקט
2133,422.572,422.792,וכל
2134,422.832,423.052,אחת
2135,423.112,423.472,מדמויות
2136,423.552,423.952,המשנה
2137,424.233,424.513,צריכה
2138,424.533,424.933,לשקף
2139,424.953,425.013,לו
2140,425.113,425.253,פן
2141,425.313,425.693,מסוים
2142,425.733,426.193,בקונפליקט
2143,426.293,426.513,שלו
2144,426.814,427.434,ולהתקבץ
2145,427.514,427.854,סביבו
2146,427.914,428.094,כפי
2147,428.134,428.734,שאטומים
2148,428.914,429.454,מתקבצים
2149,429.514,429.775,יחד
2150,429.835,430.455,במולקולה.
2151,431.435,431.575,אם
2152,431.615,431.955,למשל
2153,431.995,432.376,הגיבורה
2154,432.456,432.576,שלך
2155,432.596,432.796,היא
2156,432.816,433.236,רווקה
2157,433.276,433.856,בת
2158,,,40
2159,434.216,434.756,שמתלבטת
2160,434.776,434.856,אם
2161,434.896,435.217,להביא
2162,435.277,435.477,ילד
2163,435.517,435.857,לעולם
2164,435.897,436.277,"לבדה,"
2165,436.497,436.737,היא
2166,436.757,437.077,זקוקה
2167,437.117,437.457,לכמה
2168,437.517,437.837,דמויות
2169,437.897,438.277,משנה
2170,438.558,439.018,שישמשו
2171,439.058,439.418,בעבורה
2172,439.518,439.858,מודלים
2173,439.898,440.398,אפשריים
2174,440.438,441.038,"להזדהות,"
2175,441.498,441.879,ידגימו
2176,441.919,442.019,לה
2177,442.039,442.379,בדרך
2178,442.439,442.859,מוחשית
2179,443.159,443.279,את
2180,443.319,443.859,האפשרויות
2181,443.919,444.319,שעומדות
2182,444.359,444.779,"לפניה,"
2183,445.139,445.48,וינסו
2184,445.52,445.76,למשוך
2185,445.82,446,אותה
2186,446.04,446.48,לכיוונים
2187,446.56,446.9,שונים.
2188,447.3,447.44,זו
2189,447.48,447.74,דרך
2190,447.76,448.02,יפה
2191,448.04,448.6,וחסכונית
2192,448.66,448.98,ליצור
2193,449,449.321,דמויות
2194,449.381,449.681,משנה
2195,449.701,450.081,מועילות
2196,450.461,450.921,שממלאות
2197,451.001,451.301,תפקיד
2198,451.361,451.501,של
2199,451.521,451.821,ממש
2200,451.861,452.401,בסיפור.
2201,453.022,453.362,"למשל,"
2202,453.402,453.862,החברה
2203,453.882,454.522,הקרייריסטית
2204,454.582,454.882,חסרת
2205,454.922,455.442,הדאגות
2206,455.742,456.142,שבחרה
2207,456.243,456.363,לא
2208,456.403,456.663,להביא
2209,456.683,457.023,ילדים
2210,457.083,457.463,לעולם
2211,457.723,458.263,וחוגגת
2212,458.283,458.383,את
2213,458.403,458.743,החיים.
2214,459.343,459.643,קרובת
2215,459.703,460.104,משפחה
2216,460.164,460.604,מבוגרת
2217,460.664,461.044,נטולת
2218,461.084,461.504,ילדים
2219,461.824,462.204,שאינה
2220,462.224,462.564,נהנית
2221,462.624,463.184,מחירותה
2222,463.405,463.805,וידועה
2223,463.865,464.285,במסגה
2224,464.325,464.785,המדוכדך.
2225,465.185,465.766,השכנה
2226,465.846,466.246,מלמעלה
2227,466.306,466.807,שמגדלת
2228,466.867,467.147,שלושה
2229,467.267,467.647,פעוטות
2230,467.908,468.328,ומתקשה
2231,468.368,468.788,להתמודד
2232,468.808,468.888,עם
2233,468.929,469.429,"העומס,"
2234,469.909,470.25,ואימא
2235,470.37,470.51,של
2236,470.53,470.97,הגיבורה
2237,471.391,471.771,שהחליטה
2238,471.831,472.392,להתגרש
2239,472.432,472.712,אחרי
2240,472.752,473.193,שילדיה
2241,473.293,473.613,בגרו
2242,473.653,473.993,ועזבו
2243,474.033,474.133,את
2244,474.153,474.494,"הקן,"
2245,474.874,475.274,וכעת
2246,475.294,475.395,היא
2247,475.415,475.855,מטיילת
2248,475.895,476.376,להנאתה
2249,476.436,476.796,בעולם.
2250,478.398,478.938,במרבית
2251,478.978,479.418,המקרים
2252,479.518,479.719,אין
2253,479.779,480.039,צורך
2254,480.099,480.359,בשתי
2255,480.419,480.739,דמויות
2256,480.819,481.179,שונות
2257,481.519,481.92,שיציגו
2258,481.96,482.06,את
2259,482.14,482.52,הערכים
2260,482.54,483.06,החיוביים
2261,483.1,483.74,והשליליים
2262,484.04,484.16,של
2263,484.241,484.381,כל
2264,484.441,484.761,אופציה
2265,484.801,485.481,בקונפליקט.
2266,485.981,486.261,דמות
2267,486.321,486.642,אחת
2268,486.742,487.282,מורכבת
2269,487.582,488.162,שמשתנה
2270,488.242,488.482,לאורך
2271,488.542,489.023,הסיפור
2272,489.163,489.483,יכולה
2273,489.523,490.063,להספיק.
2274,490.563,490.903,למשל
2275,490.943,491.324,השכנה
2276,491.384,491.904,מלמעלה
2277,492.204,492.684,שמגדלת
2278,492.744,493.024,שלושה
2279,493.124,493.545,פעוטות
2280,493.625,494.085,ומתקשה
2281,494.145,494.585,להתמודד
2282,494.605,494.685,עם
2283,494.745,495.305,העומס.
2284,495.705,495.866,אבל
2285,495.926,496.326,במהלך
2286,496.386,496.886,הסיפור
2287,497.186,497.546,מוצאת
2288,497.586,497.926,לעצמה
2289,497.986,498.667,מטפלת
2290,498.947,499.467,ומצליחה
2291,499.527,499.867,לאזן
2292,499.907,499.967,את
2293,500.047,500.327,חייה
2294,500.427,500.928,בהצלחה
2295,501.008,501.248,רבה
2296,501.328,501.588,יותר.
2297,503.255,503.795,הרעיון
2298,503.835,503.975,של
2299,504.015,504.416,הצבת
2300,504.496,504.816,דמויות
2301,504.856,505.296,המשנה
2302,505.637,505.997,ביחס
2303,506.137,506.577,ישיר
2304,506.817,507.358,לקונפליקט
2305,507.378,507.498,של
2306,507.558,508.038,הגיבורה
2307,508.318,508.418,הוא
2308,508.478,508.778,מועיל
2309,508.819,509.379,והגיוני
2310,509.499,509.879,בבנייה
2311,509.959,510.059,של
2312,510.119,510.46,דרמה.
2313,511.12,511.22,עם
2314,511.3,511.48,"זאת,"
2315,511.54,511.961,במקרים
2316,512.041,512.341,"רבים,"
2317,512.421,512.881,החשיבה
2318,512.901,513.461,הספרותית
2319,513.642,514.182,ספונטנית
2320,514.222,514.482,יותר
2321,514.862,515.423,ומאורגנת
2322,515.503,515.743,פחות
2323,515.803,516.323,מהחשיבה
2324,516.383,517.004,התסריטאית.
2325,517.504,517.624,אם
2326,517.644,518.064,הגיבורים
2327,518.124,518.465,שלכם
2328,518.545,518.885,פוגשים
2329,518.905,519.365,בדרכם
2330,519.445,519.645,דמות
2331,519.725,520.006,משנה
2332,520.046,520.546,"מעניינת,"
2333,520.866,521.026,אתם
2334,521.066,521.386,יכולים
2335,521.447,521.647,פשוט
2336,521.687,522.147,לפתח
2337,522.167,522.347,אותה
2338,522.687,523.088,ולראות
2339,523.208,523.288,מה
2340,523.328,523.408,היא
2341,523.428,523.728,מכניסה
2342,523.768,524.188,לסיפור
2343,524.248,524.629,"שלכם,"
2344,524.949,525.109,בלי
2345,525.129,525.389,לשאול
2346,525.449,525.729,שאלות
2347,525.769,526.25,מיותרות.
2348,526.93,527.631,כעורכת
2349,527.711,528.251,"ספרותית,"
2350,528.671,528.791,אני
2351,528.811,529.132,מאמינה
2352,529.192,529.512,שכלל
2353,529.572,529.952,הזהב
2354,529.992,530.132,של
2355,530.192,530.513,הקאסט
2356,530.573,530.973,"שלכם,"
2357,531.033,531.393,כלומר
2358,531.714,531.994,אוסף
2359,532.034,532.374,הדמויות
2360,532.414,532.895,"בסיפור,"
2361,533.235,533.315,הוא
2362,533.395,533.875,שאסור
2363,533.935,533.995,לו
2364,534.055,534.436,להיות
2365,534.556,535.076,נרחב
2366,535.136,535.557,מדי.
2367,536.137,536.437,יותר
2368,536.497,536.717,מדי
2369,536.778,537.078,דמויות
2370,537.138,537.498,משנה
2371,537.798,538.139,יכולות
2372,538.159,538.399,ליצור
2373,538.439,538.759,תחושה
2374,538.819,538.919,של
2375,538.979,539.42,"עומס,"
2376,539.74,540.12,לתפוס
2377,540.2,540.26,זו
2378,540.28,540.4,את
2379,540.46,540.761,מקומה
2380,540.821,540.921,של
2381,540.981,541.161,"זו,"
2382,541.501,541.861,וגרוע
2383,541.921,542.262,"מכך,"
2384,542.582,542.862,לתפוס
2385,542.882,542.942,את
2386,543.002,543.282,מקומו
2387,543.323,543.423,של
2388,543.463,543.763,הגיבור
2389,543.783,544.183,הראשי.
2390,545.344,545.464,גם
2391,545.524,545.644,אם
2392,545.684,545.844,לא
2393,545.884,546.305,תבחרו
2394,546.345,546.765,להשקיע
2395,546.825,547.165,שעות
2396,547.526,548.086,בשירטוטי
2397,548.126,548.426,הכנה
2398,548.486,549.007,מדויקים
2399,549.067,549.187,של
2400,549.267,549.747,מולקולת
2401,549.827,550.208,"דמויות,"
2402,550.488,551.229,עיקרון
2403,551.289,551.549,מנחה
2404,551.629,551.97,פשוט
2405,552.17,552.49,שיכול
2406,552.51,552.791,להועיל
2407,552.811,553.131,לכם
2408,553.432,553.512,הוא
2409,553.592,553.872,שמירה
2410,553.972,554.072,על
2411,554.092,554.673,ניגודיות.
2412,555.294,555.534,פירוש
2413,555.614,556.075,הדבר
2414,556.315,556.876,שהדמויות
2415,556.916,557.396,בסיפור
2416,557.516,557.797,אינן
2417,557.857,558.177,צריכות
2418,558.217,558.678,להסכים
2419,558.718,559.118,ביניהן
2420,559.439,559.519,על
2421,559.539,559.839,הדברים
2422,559.859,560.4,החשובים.
2423,561.041,561.361,זכרו
2424,561.421,561.802,שדמויות
2425,561.882,562.162,משנה
2426,562.262,562.843,קלאסיות
2427,563.163,563.464,צריכות
2428,563.484,563.864,לשקף
2429,563.964,564.425,לגיבור
2430,564.725,565.085,צדדים
2431,565.186,565.466,שונים
2432,565.506,566.107,בהתלבטות
2433,566.147,566.347,שלו.
2434,568.173,568.573,תרגיל
2435,568.593,568.893,ליהוק.
2436,569.534,569.794,כתבו
2437,569.874,570.214,סיפור
2438,570.254,570.714,קצר
2439,570.814,571.074,שבו
2440,571.094,571.494,הגיבורה
2441,571.574,572.195,מתלבטת
2442,572.495,572.615,אם
2443,572.655,573.135,להשאיר
2444,573.215,573.615,מאחור
2445,573.635,573.715,את
2446,573.795,574.055,חייה
2447,574.195,574.636,העמוסים
2448,574.676,575.416,והתזזיתיים
2449,575.456,575.956,בארץ
2450,576.336,576.736,ולעשות
2451,576.796,577.437,רילוקיישן
2452,577.517,577.597,עם
2453,577.637,577.817,בני
2454,577.857,578.317,משפחתה.
2455,579.037,579.357,בחרו
2456,579.397,579.577,שתי
2457,579.658,579.958,דמויות
2458,580.038,580.418,משנה
2459,580.758,581.178,שבאורח
2460,581.238,581.598,החיים
2461,581.678,582.038,שלהן
2462,582.339,582.759,מייצגות
2463,582.779,582.879,את
2464,582.919,583.259,הערך
2465,583.279,583.739,השלילי
2466,583.779,584.439,והחיובי
2467,584.72,584.82,של
2468,584.88,585.02,כל
2469,585.06,585.6,אפשרות
2470,586,586.58,ומדגימות
2471,586.64,587.1,לגיבורה
2472,587.541,587.641,מה
2473,587.701,587.861,עלו
2474,587.901,588.241,לקרות
2475,588.321,588.381,לה
2476,588.461,588.581,אם
2477,588.641,588.981,תבחר
2478,589.061,589.281,בכל
2479,589.301,589.501,אחת
2480,589.561,590.042,מהדרכים
2481,590.102,590.482,העומדות
2482,590.522,590.942,לפניה.
2483,591.022,592.222,אם
2484,592.302,592.462,כבר
2485,592.522,592.682,יש
2486,592.762,592.962,לכם
2487,593.002,593.222,כתב
2488,593.262,593.383,יד
2489,593.423,593.903,"לספר,"
2490,594.303,594.603,בדקו
2491,594.643,594.703,את
2492,594.783,595.083,דמויות
2493,595.103,595.463,המשנה
2494,595.503,595.903,שלכם
2495,596.223,596.643,וודאו
2496,596.703,596.903,שהן
2497,596.963,597.243,אכן
2498,597.303,597.643,מציעות
2499,597.683,598.104,לגיבור
2500,598.424,598.824,מגוון
2501,598.884,599.024,של
2502,599.044,599.324,נקודות
2503,599.364,599.704,השקפה
2504,599.724,599.804,על
2505,599.864,600.824,מצבו.
2506,600.844,601.104,מצד
2507,601.124,601.424,"אחר,"
2508,601.804,602.084,בדקו
2509,602.164,602.384,שאין
2510,602.484,602.905,כפילות
2511,603.205,603.345,בין
2512,603.405,603.785,תפקידי
2513,603.825,604.285,הדמויות.
2514,605.365,605.665,זיכרו
2515,605.725,606.125,שדמויות
2516,606.165,606.585,המשנה
2517,606.625,606.965,יכולות
2518,607.005,607.486,לתקשר
2519,607.606,607.786,גם
2520,607.806,607.906,עם
2521,607.966,608.266,דמויות
2522,608.306,608.566,משנה
2523,608.586,608.966,אחרות
2524,609.026,609.526,בסיפור.
2525,609.886,610.206,הניחו
2526,610.226,610.386,להן
2527,610.426,610.986,"לשוחח,"
2528,611.406,611.766,לקיים
2529,611.806,612.107,ביניהן
2530,612.167,612.567,קשרים
2531,612.687,613.047,ולפתח
2532,613.167,613.587,רגשות
2533,613.627,613.747,זו
2534,613.767,614.087,כלפי
2535,614.147,614.327,זו.
2536,614.727,614.887,כך
2537,614.927,615.347,תוסיפו
2538,615.367,615.747,נפח
2539,615.807,616.367,וממשות
2540,616.728,617.028,לעולם
2541,617.068,617.528,הבידיוני
2542,617.568,617.868,שאתם
2543,617.948,618.248,בוראים.
2544,618.848,619.388,האם
2545,619.448,619.568,יש
2546,619.608,619.829,לכם
2547,619.889,620.109,דמות
2548,620.169,620.569,משנית
2549,620.909,621.39,שמחבבת
2550,621.43,621.51,את
2551,621.53,621.97,הגיבור
2552,622.07,622.55,ומאמינה
2553,622.63,622.77,בו?
2554,623.351,623.951,"לחילופין,"
2555,624.091,624.351,האם
2556,624.371,624.511,יש
2557,624.551,624.792,לכם
2558,624.832,625.132,דמות
2559,625.312,625.572,שאינה
2560,625.632,626.012,סובלת
2561,626.032,626.112,את
2562,626.152,626.593,הגיבור?
2563,627.193,627.453,תנו
2564,627.473,627.893,לדמויות
2565,627.934,628.534,להתבטא
2566,628.574,629.134,במילותיהן
2567,629.194,629.655,שלהן
2568,630.075,630.635,ולהעניק
2569,630.695,630.875,לנו
2570,631.035,631.195,עוד
2571,631.256,631.616,זוויות
2572,631.676,632.236,מעניינות
2573,632.356,632.436,על
2574,632.456,632.756,דמותו
2575,632.796,632.877,של
2576,632.917,633.377,הגיבור
2577,633.737,633.977,ועל
2578,633.997,634.457,התהליך
2579,634.518,634.718,שלו.
2580,635.318,636.399,החיוניות
2581,636.439,636.539,של
2582,636.579,636.899,הספר
2583,636.959,637.359,שלכם
2584,637.439,637.739,תלויה
2585,637.84,637.96,עד
2586,638.02,638.32,מאוד
2587,638.66,639.02,בדמויות
2588,639.08,639.401,המשנה
2589,639.441,639.961,שמקיפות
2590,639.981,640.061,את
2591,640.101,640.581,הגיבור
2592,640.821,641.362,ובעניין
2593,641.442,641.602,שהן
2594,641.662,642.222,מייצרות.
2595,642.683,642.823,אבל
2596,642.883,643.263,בהקשר
2597,643.303,643.523,הזה
2598,643.903,643.983,אי
2599,644.023,644.284,אפשר
2600,644.324,644.604,לומר
2601,644.664,644.904,שכל
2602,644.964,645.324,המרבה
2603,645.384,645.544,הרי
2604,645.604,645.684,זה
2605,645.704,646.205,משובח.
2606,646.725,647.005,חשבו
2607,647.045,647.405,היטב
2608,647.485,647.546,על
2609,647.606,648.026,תפקידה
2610,648.066,648.186,של
2611,648.266,648.426,כל
2612,648.506,648.706,אחת
2613,648.826,649.187,מדמויות
2614,649.247,649.647,המשנה
2615,650.047,650.247,ומה
2616,650.307,650.407,היא
2617,650.427,650.928,מייצגת
2618,650.988,651.368,בעולמו
2619,651.408,651.528,של
2620,651.548,652.088,הגיבור.
2621,652.449,652.689,ואל
2622,652.749,653.149,תכניסו
2623,653.169,653.669,לספר
2624,653.709,654.01,דמויות
2625,654.07,654.63,שרירותיות
2626,654.71,655.29,ומיותרות
2627,655.59,655.771,גם
2628,655.811,655.891,אם
2629,655.951,656.671,הססגוניות
2630,656.711,657.051,שלהן
2631,657.272,657.672,קוסמת
2632,657.732,657.972,לכם.
